source_model,target_model,source_layer,target_layer,source_layer_name,target_layer_name,cka,pair_mode,n_examples
Standard,Engstrom2019Robustness,1,1,conv1,conv1,0.9077886343002319,unique,64
Standard,Engstrom2019Robustness,1,2,conv1,layer2.0.conv1,0.8419319987297058,unique,64
Standard,Engstrom2019Robustness,1,3,conv1,layer2.3.conv1,0.7657386660575867,unique,64
Standard,Engstrom2019Robustness,1,4,conv1,layer3.2.conv2,0.6599413156509399,unique,64
Standard,Engstrom2019Robustness,1,5,conv1,layer3.5.conv3,0.4945245385169983,unique,64
Standard,Engstrom2019Robustness,1,6,conv1,linear,0.508467435836792,unique,64
Standard,Engstrom2019Robustness,2,1,block1.layer.2.conv1,conv1,0.40810826420783997,unique,64
Standard,Engstrom2019Robustness,2,2,block1.layer.2.conv1,layer2.0.conv1,0.8572043776512146,unique,64
Standard,Engstrom2019Robustness,2,3,block1.layer.2.conv1,layer2.3.conv1,0.8526139259338379,unique,64
Standard,Engstrom2019Robustness,2,4,block1.layer.2.conv1,layer3.2.conv2,0.7794297933578491,unique,64
Standard,Engstrom2019Robustness,2,5,block1.layer.2.conv1,layer3.5.conv3,0.6840954422950745,unique,64
Standard,Engstrom2019Robustness,2,6,block1.layer.2.conv1,linear,0.2696439027786255,unique,64
Standard,Engstrom2019Robustness,3,1,block2.layer.0.conv2,conv1,0.4624998867511749,unique,64
Standard,Engstrom2019Robustness,3,2,block2.layer.0.conv2,layer2.0.conv1,0.8642520308494568,unique,64
Standard,Engstrom2019Robustness,3,3,block2.layer.0.conv2,layer2.3.conv1,0.8830704689025879,unique,64
Standard,Engstrom2019Robustness,3,4,block2.layer.0.conv2,layer3.2.conv2,0.8394733667373657,unique,64
Standard,Engstrom2019Robustness,3,5,block2.layer.0.conv2,layer3.5.conv3,0.7236460447311401,unique,64
Standard,Engstrom2019Robustness,3,6,block2.layer.0.conv2,linear,0.3791939318180084,unique,64
Standard,Engstrom2019Robustness,4,1,block2.layer.3.conv1,conv1,0.4192523956298828,unique,64
Standard,Engstrom2019Robustness,4,2,block2.layer.3.conv1,layer2.0.conv1,0.8469682335853577,unique,64
Standard,Engstrom2019Robustness,4,3,block2.layer.3.conv1,layer2.3.conv1,0.8734787702560425,unique,64
Standard,Engstrom2019Robustness,4,4,block2.layer.3.conv1,layer3.2.conv2,0.828382134437561,unique,64
Standard,Engstrom2019Robustness,4,5,block2.layer.3.conv1,layer3.5.conv3,0.7280879020690918,unique,64
Standard,Engstrom2019Robustness,4,6,block2.layer.3.conv1,linear,0.3350552022457123,unique,64
Standard,Engstrom2019Robustness,5,1,block3.layer.1.conv1,conv1,0.3708011507987976,unique,64
Standard,Engstrom2019Robustness,5,2,block3.layer.1.conv1,layer2.0.conv1,0.671129047870636,unique,64
Standard,Engstrom2019Robustness,5,3,block3.layer.1.conv1,layer2.3.conv1,0.6851909160614014,unique,64
Standard,Engstrom2019Robustness,5,4,block3.layer.1.conv1,layer3.2.conv2,0.6732922196388245,unique,64
Standard,Engstrom2019Robustness,5,5,block3.layer.1.conv1,layer3.5.conv3,0.7871227860450745,unique,64
Standard,Engstrom2019Robustness,5,6,block3.layer.1.conv1,linear,0.5329360365867615,unique,64
Standard,Engstrom2019Robustness,6,1,fc,conv1,0.3479573130607605,unique,64
Standard,Engstrom2019Robustness,6,2,fc,layer2.0.conv1,0.39568930864334106,unique,64
Standard,Engstrom2019Robustness,6,3,fc,layer2.3.conv1,0.388273149728775,unique,64
Standard,Engstrom2019Robustness,6,4,fc,layer3.2.conv2,0.36449840664863586,unique,64
Standard,Engstrom2019Robustness,6,5,fc,layer3.5.conv3,0.3909350633621216,unique,64
Standard,Engstrom2019Robustness,6,6,fc,linear,0.6480215191841125,unique,64
Standard,Wong2020Fast,1,1,conv1,conv1,0.9782893061637878,unique,64
Standard,Wong2020Fast,1,2,conv1,layer1.1.conv2,0.9690579771995544,unique,64
Standard,Wong2020Fast,1,3,conv1,layer2.1.conv1,0.741628110408783,unique,64
Standard,Wong2020Fast,1,4,conv1,layer3.0.shortcut.0,0.8741029500961304,unique,64
Standard,Wong2020Fast,1,5,conv1,layer4.0.conv2,0.6459846496582031,unique,64
Standard,Wong2020Fast,1,6,conv1,linear,0.4695165455341339,unique,64
Standard,Wong2020Fast,2,1,block1.layer.2.conv1,conv1,0.5589075088500977,unique,64
Standard,Wong2020Fast,2,2,block1.layer.2.conv1,layer1.1.conv2,0.6018285155296326,unique,64
Standard,Wong2020Fast,2,3,block1.layer.2.conv1,layer2.1.conv1,0.851965606212616,unique,64
Standard,Wong2020Fast,2,4,block1.layer.2.conv1,layer3.0.shortcut.0,0.4625241756439209,unique,64
Standard,Wong2020Fast,2,5,block1.layer.2.conv1,layer4.0.conv2,0.42335745692253113,unique,64
Standard,Wong2020Fast,2,6,block1.layer.2.conv1,linear,0.24904146790504456,unique,64
Standard,Wong2020Fast,3,1,block2.layer.0.conv2,conv1,0.6055776476860046,unique,64
Standard,Wong2020Fast,3,2,block2.layer.0.conv2,layer1.1.conv2,0.6488050818443298,unique,64
Standard,Wong2020Fast,3,3,block2.layer.0.conv2,layer2.1.conv1,0.8833011388778687,unique,64
Standard,Wong2020Fast,3,4,block2.layer.0.conv2,layer3.0.shortcut.0,0.5648139715194702,unique,64
Standard,Wong2020Fast,3,5,block2.layer.0.conv2,layer4.0.conv2,0.5456461310386658,unique,64
Standard,Wong2020Fast,3,6,block2.layer.0.conv2,linear,0.3659285306930542,unique,64
Standard,Wong2020Fast,4,1,block2.layer.3.conv1,conv1,0.5634653568267822,unique,64
Standard,Wong2020Fast,4,2,block2.layer.3.conv1,layer1.1.conv2,0.6097773909568787,unique,64
Standard,Wong2020Fast,4,3,block2.layer.3.conv1,layer2.1.conv1,0.8766279816627502,unique,64
Standard,Wong2020Fast,4,4,block2.layer.3.conv1,layer3.0.shortcut.0,0.503673791885376,unique,64
Standard,Wong2020Fast,4,5,block2.layer.3.conv1,layer4.0.conv2,0.49146831035614014,unique,64
Standard,Wong2020Fast,4,6,block2.layer.3.conv1,linear,0.3222033977508545,unique,64
Standard,Wong2020Fast,5,1,block3.layer.1.conv1,conv1,0.4842594265937805,unique,64
Standard,Wong2020Fast,5,2,block3.layer.1.conv1,layer1.1.conv2,0.5170944333076477,unique,64
Standard,Wong2020Fast,5,3,block3.layer.1.conv1,layer2.1.conv1,0.6861797571182251,unique,64
Standard,Wong2020Fast,5,4,block3.layer.1.conv1,layer3.0.shortcut.0,0.48725661635398865,unique,64
Standard,Wong2020Fast,5,5,block3.layer.1.conv1,layer4.0.conv2,0.6011354327201843,unique,64
Standard,Wong2020Fast,5,6,block3.layer.1.conv1,linear,0.5076232552528381,unique,64
Standard,Wong2020Fast,6,1,fc,conv1,0.4073932468891144,unique,64
Standard,Wong2020Fast,6,2,fc,layer1.1.conv2,0.41370877623558044,unique,64
Standard,Wong2020Fast,6,3,fc,layer2.1.conv1,0.3843638002872467,unique,64
Standard,Wong2020Fast,6,4,fc,layer3.0.shortcut.0,0.5036985874176025,unique,64
Standard,Wong2020Fast,6,5,fc,layer4.0.conv2,0.6028693318367004,unique,64
Standard,Wong2020Fast,6,6,fc,linear,0.6161254644393921,unique,64
Standard,Rice2020Overfitting,1,1,conv1,conv1,0.9458745121955872,unique,64
Standard,Rice2020Overfitting,1,2,conv1,block1.layer.2.conv2,0.8829602599143982,unique,64
Standard,Rice2020Overfitting,1,3,conv1,block2.layer.0.convShortcut,0.9288976192474365,unique,64
Standard,Rice2020Overfitting,1,4,conv1,block2.layer.3.conv2,0.5128509402275085,unique,64
Standard,Rice2020Overfitting,1,5,conv1,block3.layer.1.conv2,0.5410485863685608,unique,64
Standard,Rice2020Overfitting,1,6,conv1,fc,0.48388347029685974,unique,64
Standard,Rice2020Overfitting,2,1,block1.layer.2.conv1,conv1,0.4607834219932556,unique,64
Standard,Rice2020Overfitting,2,2,block1.layer.2.conv1,block1.layer.2.conv2,0.8069832921028137,unique,64
Standard,Rice2020Overfitting,2,3,block1.layer.2.conv1,block2.layer.0.convShortcut,0.620800256729126,unique,64
Standard,Rice2020Overfitting,2,4,block1.layer.2.conv1,block2.layer.3.conv2,0.7091335654258728,unique,64
Standard,Rice2020Overfitting,2,5,block1.layer.2.conv1,block3.layer.1.conv2,0.6805657744407654,unique,64
Standard,Rice2020Overfitting,2,6,block1.layer.2.conv1,fc,0.261312872171402,unique,64
Standard,Rice2020Overfitting,3,1,block2.layer.0.conv2,conv1,0.5144636034965515,unique,64
Standard,Rice2020Overfitting,3,2,block2.layer.0.conv2,block1.layer.2.conv2,0.8412843942642212,unique,64
Standard,Rice2020Overfitting,3,3,block2.layer.0.conv2,block2.layer.0.convShortcut,0.6973382234573364,unique,64
Standard,Rice2020Overfitting,3,4,block2.layer.0.conv2,block2.layer.3.conv2,0.755243718624115,unique,64
Standard,Rice2020Overfitting,3,5,block2.layer.0.conv2,block3.layer.1.conv2,0.733450174331665,unique,64
Standard,Rice2020Overfitting,3,6,block2.layer.0.conv2,fc,0.3735301196575165,unique,64
Standard,Rice2020Overfitting,4,1,block2.layer.3.conv1,conv1,0.4700499475002289,unique,64
Standard,Rice2020Overfitting,4,2,block2.layer.3.conv1,block1.layer.2.conv2,0.8159927129745483,unique,64
Standard,Rice2020Overfitting,4,3,block2.layer.3.conv1,block2.layer.0.convShortcut,0.6475637555122375,unique,64
Standard,Rice2020Overfitting,4,4,block2.layer.3.conv1,block2.layer.3.conv2,0.7652893662452698,unique,64
Standard,Rice2020Overfitting,4,5,block2.layer.3.conv1,block3.layer.1.conv2,0.727222740650177,unique,64
Standard,Rice2020Overfitting,4,6,block2.layer.3.conv1,fc,0.33075034618377686,unique,64
Standard,Rice2020Overfitting,5,1,block3.layer.1.conv1,conv1,0.41296154260635376,unique,64
Standard,Rice2020Overfitting,5,2,block3.layer.1.conv1,block1.layer.2.conv2,0.6718496084213257,unique,64
Standard,Rice2020Overfitting,5,3,block3.layer.1.conv1,block2.layer.0.convShortcut,0.5688921809196472,unique,64
Standard,Rice2020Overfitting,5,4,block3.layer.1.conv1,block2.layer.3.conv2,0.6395718455314636,unique,64
Standard,Rice2020Overfitting,5,5,block3.layer.1.conv1,block3.layer.1.conv2,0.648087203502655,unique,64
Standard,Rice2020Overfitting,5,6,block3.layer.1.conv1,fc,0.4892546534538269,unique,64
Standard,Rice2020Overfitting,6,1,fc,conv1,0.37601181864738464,unique,64
Standard,Rice2020Overfitting,6,2,fc,block1.layer.2.conv2,0.45369333028793335,unique,64
Standard,Rice2020Overfitting,6,3,fc,block2.layer.0.convShortcut,0.4731697142124176,unique,64
Standard,Rice2020Overfitting,6,4,fc,block2.layer.3.conv2,0.33754947781562805,unique,64
Standard,Rice2020Overfitting,6,5,fc,block3.layer.1.conv2,0.37027984857559204,unique,64
Standard,Rice2020Overfitting,6,6,fc,fc,0.6356517672538757,unique,64
Engstrom2019Robustness,Wong2020Fast,1,1,conv1,conv1,0.94869065284729,unique,64
Engstrom2019Robustness,Wong2020Fast,1,2,conv1,layer1.1.conv2,0.9450435042381287,unique,64
Engstrom2019Robustness,Wong2020Fast,1,3,conv1,layer2.1.conv1,0.5849670171737671,unique,64
Engstrom2019Robustness,Wong2020Fast,1,4,conv1,layer3.0.shortcut.0,0.8360506892204285,unique,64
Engstrom2019Robustness,Wong2020Fast,1,5,conv1,layer4.0.conv2,0.5603640079498291,unique,64
Engstrom2019Robustness,Wong2020Fast,1,6,conv1,linear,0.4153608977794647,unique,64
Engstrom2019Robustness,Wong2020Fast,2,1,layer2.0.conv1,conv1,0.8267215490341187,unique,64
Engstrom2019Robustness,Wong2020Fast,2,2,layer2.0.conv1,layer1.1.conv2,0.8678246140480042,unique,64
Engstrom2019Robustness,Wong2020Fast,2,3,layer2.0.conv1,layer2.1.conv1,0.9473064541816711,unique,64
Engstrom2019Robustness,Wong2020Fast,2,4,layer2.0.conv1,layer3.0.shortcut.0,0.7094380259513855,unique,64
Engstrom2019Robustness,Wong2020Fast,2,5,layer2.0.conv1,layer4.0.conv2,0.5823750495910645,unique,64
Engstrom2019Robustness,Wong2020Fast,2,6,layer2.0.conv1,linear,0.38883209228515625,unique,64
Engstrom2019Robustness,Wong2020Fast,3,1,layer2.3.conv1,conv1,0.7650863528251648,unique,64
Engstrom2019Robustness,Wong2020Fast,3,2,layer2.3.conv1,layer1.1.conv2,0.8211213946342468,unique,64
Engstrom2019Robustness,Wong2020Fast,3,3,layer2.3.conv1,layer2.1.conv1,0.9729410409927368,unique,64
Engstrom2019Robustness,Wong2020Fast,3,4,layer2.3.conv1,layer3.0.shortcut.0,0.6607611775398254,unique,64
Engstrom2019Robustness,Wong2020Fast,3,5,layer2.3.conv1,layer4.0.conv2,0.5559316873550415,unique,64
Engstrom2019Robustness,Wong2020Fast,3,6,layer2.3.conv1,linear,0.37353479862213135,unique,64
Engstrom2019Robustness,Wong2020Fast,4,1,layer3.2.conv2,conv1,0.6563766598701477,unique,64
Engstrom2019Robustness,Wong2020Fast,4,2,layer3.2.conv2,layer1.1.conv2,0.7076812386512756,unique,64
Engstrom2019Robustness,Wong2020Fast,4,3,layer3.2.conv2,layer2.1.conv1,0.8800683617591858,unique,64
Engstrom2019Robustness,Wong2020Fast,4,4,layer3.2.conv2,layer3.0.shortcut.0,0.6018505096435547,unique,64
Engstrom2019Robustness,Wong2020Fast,4,5,layer3.2.conv2,layer4.0.conv2,0.559990406036377,unique,64
Engstrom2019Robustness,Wong2020Fast,4,6,layer3.2.conv2,linear,0.37066367268562317,unique,64
Engstrom2019Robustness,Wong2020Fast,5,1,layer3.5.conv3,conv1,0.4707975387573242,unique,64
Engstrom2019Robustness,Wong2020Fast,5,2,layer3.5.conv3,layer1.1.conv2,0.5089529752731323,unique,64
Engstrom2019Robustness,Wong2020Fast,5,3,layer3.5.conv3,layer2.1.conv1,0.7183225750923157,unique,64
Engstrom2019Robustness,Wong2020Fast,5,4,layer3.5.conv3,layer3.0.shortcut.0,0.4434460401535034,unique,64
Engstrom2019Robustness,Wong2020Fast,5,5,layer3.5.conv3,layer4.0.conv2,0.579592764377594,unique,64
Engstrom2019Robustness,Wong2020Fast,5,6,layer3.5.conv3,linear,0.43131953477859497,unique,64
Engstrom2019Robustness,Wong2020Fast,6,1,linear,conv1,0.5041680932044983,unique,64
Engstrom2019Robustness,Wong2020Fast,6,2,linear,layer1.1.conv2,0.5013799071311951,unique,64
Engstrom2019Robustness,Wong2020Fast,6,3,linear,layer2.1.conv1,0.38288015127182007,unique,64
Engstrom2019Robustness,Wong2020Fast,6,4,linear,layer3.0.shortcut.0,0.6779329180717468,unique,64
Engstrom2019Robustness,Wong2020Fast,6,5,linear,layer4.0.conv2,0.8566036224365234,unique,64
Engstrom2019Robustness,Wong2020Fast,6,6,linear,linear,0.9354701638221741,unique,64
Engstrom2019Robustness,Rice2020Overfitting,1,1,conv1,conv1,0.9922311902046204,unique,64
Engstrom2019Robustness,Rice2020Overfitting,1,2,conv1,block1.layer.2.conv2,0.7637867331504822,unique,64
Engstrom2019Robustness,Rice2020Overfitting,1,3,conv1,block2.layer.0.convShortcut,0.89637291431427,unique,64
Engstrom2019Robustness,Rice2020Overfitting,1,4,conv1,block2.layer.3.conv2,0.37471553683280945,unique,64
Engstrom2019Robustness,Rice2020Overfitting,1,5,conv1,block3.layer.1.conv2,0.4306465983390808,unique,64
Engstrom2019Robustness,Rice2020Overfitting,1,6,conv1,fc,0.4317019581794739,unique,64
Engstrom2019Robustness,Rice2020Overfitting,2,1,layer2.0.conv1,conv1,0.7428106069564819,unique,64
Engstrom2019Robustness,Rice2020Overfitting,2,2,layer2.0.conv1,block1.layer.2.conv2,0.9564563035964966,unique,64
Engstrom2019Robustness,Rice2020Overfitting,2,3,layer2.0.conv1,block2.layer.0.convShortcut,0.8591709733009338,unique,64
Engstrom2019Robustness,Rice2020Overfitting,2,4,layer2.0.conv1,block2.layer.3.conv2,0.7231737971305847,unique,64
Engstrom2019Robustness,Rice2020Overfitting,2,5,layer2.0.conv1,block3.layer.1.conv2,0.7090227603912354,unique,64
Engstrom2019Robustness,Rice2020Overfitting,2,6,layer2.0.conv1,fc,0.40092989802360535,unique,64
Engstrom2019Robustness,Rice2020Overfitting,3,1,layer2.3.conv1,conv1,0.6940180659294128,unique,64
Engstrom2019Robustness,Rice2020Overfitting,3,2,layer2.3.conv1,block1.layer.2.conv2,0.93461012840271,unique,64
Engstrom2019Robustness,Rice2020Overfitting,3,3,layer2.3.conv1,block2.layer.0.convShortcut,0.8309597373008728,unique,64
Engstrom2019Robustness,Rice2020Overfitting,3,4,layer2.3.conv1,block2.layer.3.conv2,0.7705424427986145,unique,64
Engstrom2019Robustness,Rice2020Overfitting,3,5,layer2.3.conv1,block3.layer.1.conv2,0.7399623394012451,unique,64
Engstrom2019Robustness,Rice2020Overfitting,3,6,layer2.3.conv1,fc,0.3856000304222107,unique,64
Engstrom2019Robustness,Rice2020Overfitting,4,1,layer3.2.conv2,conv1,0.5925688147544861,unique,64
Engstrom2019Robustness,Rice2020Overfitting,4,2,layer3.2.conv2,block1.layer.2.conv2,0.8309106826782227,unique,64
Engstrom2019Robustness,Rice2020Overfitting,4,3,layer3.2.conv2,block2.layer.0.convShortcut,0.7426168322563171,unique,64
Engstrom2019Robustness,Rice2020Overfitting,4,4,layer3.2.conv2,block2.layer.3.conv2,0.7566428184509277,unique,64
Engstrom2019Robustness,Rice2020Overfitting,4,5,layer3.2.conv2,block3.layer.1.conv2,0.7786217927932739,unique,64
Engstrom2019Robustness,Rice2020Overfitting,4,6,layer3.2.conv2,fc,0.3742586076259613,unique,64
Engstrom2019Robustness,Rice2020Overfitting,5,1,layer3.5.conv3,conv1,0.39269423484802246,unique,64
Engstrom2019Robustness,Rice2020Overfitting,5,2,layer3.5.conv3,block1.layer.2.conv2,0.6750766038894653,unique,64
Engstrom2019Robustness,Rice2020Overfitting,5,3,layer3.5.conv3,block2.layer.0.convShortcut,0.5477631092071533,unique,64
Engstrom2019Robustness,Rice2020Overfitting,5,4,layer3.5.conv3,block2.layer.3.conv2,0.7089622616767883,unique,64
Engstrom2019Robustness,Rice2020Overfitting,5,5,layer3.5.conv3,block3.layer.1.conv2,0.7114033102989197,unique,64
Engstrom2019Robustness,Rice2020Overfitting,5,6,layer3.5.conv3,fc,0.4039461612701416,unique,64
Engstrom2019Robustness,Rice2020Overfitting,6,1,linear,conv1,0.48226314783096313,unique,64
Engstrom2019Robustness,Rice2020Overfitting,6,2,linear,block1.layer.2.conv2,0.5139755606651306,unique,64
Engstrom2019Robustness,Rice2020Overfitting,6,3,linear,block2.layer.0.convShortcut,0.6005712747573853,unique,64
Engstrom2019Robustness,Rice2020Overfitting,6,4,linear,block2.layer.3.conv2,0.34505346417427063,unique,64
Engstrom2019Robustness,Rice2020Overfitting,6,5,linear,block3.layer.1.conv2,0.39251571893692017,unique,64
Engstrom2019Robustness,Rice2020Overfitting,6,6,linear,fc,0.9527164101600647,unique,64
Wong2020Fast,Rice2020Overfitting,1,1,conv1,conv1,0.9769665002822876,unique,64
Wong2020Fast,Rice2020Overfitting,1,2,conv1,block1.layer.2.conv2,0.8762632012367249,unique,64
Wong2020Fast,Rice2020Overfitting,1,3,conv1,block2.layer.0.convShortcut,0.9484375715255737,unique,64
Wong2020Fast,Rice2020Overfitting,1,4,conv1,block2.layer.3.conv2,0.49260732531547546,unique,64
Wong2020Fast,Rice2020Overfitting,1,5,conv1,block3.layer.1.conv2,0.5290935635566711,unique,64
Wong2020Fast,Rice2020Overfitting,1,6,conv1,fc,0.4812389016151428,unique,64
Wong2020Fast,Rice2020Overfitting,2,1,layer1.1.conv2,conv1,0.9697285890579224,unique,64
Wong2020Fast,Rice2020Overfitting,2,2,layer1.1.conv2,block1.layer.2.conv2,0.9076586365699768,unique,64
Wong2020Fast,Rice2020Overfitting,2,3,layer1.1.conv2,block2.layer.0.convShortcut,0.9636324644088745,unique,64
Wong2020Fast,Rice2020Overfitting,2,4,layer1.1.conv2,block2.layer.3.conv2,0.5414348244667053,unique,64
Wong2020Fast,Rice2020Overfitting,2,5,layer1.1.conv2,block3.layer.1.conv2,0.5706722736358643,unique,64
Wong2020Fast,Rice2020Overfitting,2,6,layer1.1.conv2,fc,0.48329681158065796,unique,64
Wong2020Fast,Rice2020Overfitting,3,1,layer2.1.conv1,conv1,0.6393721103668213,unique,64
Wong2020Fast,Rice2020Overfitting,3,2,layer2.1.conv1,block1.layer.2.conv2,0.9257814288139343,unique,64
Wong2020Fast,Rice2020Overfitting,3,3,layer2.1.conv1,block2.layer.0.convShortcut,0.7976677417755127,unique,64
Wong2020Fast,Rice2020Overfitting,3,4,layer2.1.conv1,block2.layer.3.conv2,0.8109545111656189,unique,64
Wong2020Fast,Rice2020Overfitting,3,5,layer2.1.conv1,block3.layer.1.conv2,0.7439061403274536,unique,64
Wong2020Fast,Rice2020Overfitting,3,6,layer2.1.conv1,fc,0.3768327534198761,unique,64
Wong2020Fast,Rice2020Overfitting,4,1,layer3.0.shortcut.0,conv1,0.8714817762374878,unique,64
Wong2020Fast,Rice2020Overfitting,4,2,layer3.0.shortcut.0,block1.layer.2.conv2,0.8144516944885254,unique,64
Wong2020Fast,Rice2020Overfitting,4,3,layer3.0.shortcut.0,block2.layer.0.convShortcut,0.9433782696723938,unique,64
Wong2020Fast,Rice2020Overfitting,4,4,layer3.0.shortcut.0,block2.layer.3.conv2,0.49047669768333435,unique,64
Wong2020Fast,Rice2020Overfitting,4,5,layer3.0.shortcut.0,block3.layer.1.conv2,0.5193934440612793,unique,64
Wong2020Fast,Rice2020Overfitting,4,6,layer3.0.shortcut.0,fc,0.6682146787643433,unique,64
Wong2020Fast,Rice2020Overfitting,5,1,layer4.0.conv2,conv1,0.6008232831954956,unique,64
Wong2020Fast,Rice2020Overfitting,5,2,layer4.0.conv2,block1.layer.2.conv2,0.6775971055030823,unique,64
Wong2020Fast,Rice2020Overfitting,5,3,layer4.0.conv2,block2.layer.0.convShortcut,0.7578078508377075,unique,64
Wong2020Fast,Rice2020Overfitting,5,4,layer4.0.conv2,block2.layer.3.conv2,0.5194502472877502,unique,64
Wong2020Fast,Rice2020Overfitting,5,5,layer4.0.conv2,block3.layer.1.conv2,0.5766571760177612,unique,64
Wong2020Fast,Rice2020Overfitting,5,6,layer4.0.conv2,fc,0.8473860025405884,unique,64
Wong2020Fast,Rice2020Overfitting,6,1,linear,conv1,0.4423145055770874,unique,64
Wong2020Fast,Rice2020Overfitting,6,2,linear,block1.layer.2.conv2,0.4794270992279053,unique,64
Wong2020Fast,Rice2020Overfitting,6,3,linear,block2.layer.0.convShortcut,0.5665671825408936,unique,64
Wong2020Fast,Rice2020Overfitting,6,4,linear,block2.layer.3.conv2,0.31365540623664856,unique,64
Wong2020Fast,Rice2020Overfitting,6,5,linear,block3.layer.1.conv2,0.38029035925865173,unique,64
Wong2020Fast,Rice2020Overfitting,6,6,linear,fc,0.9414626359939575,unique,64
