source_model,target_model,source_layer,best_target_layer,source_layer_name,best_target_layer_name,best_cka,layer_shift,abs_layer_shift,source_training_type,target_training_type,pair_type
Engstrom2019Robustness,Rice2020Overfitting,1,1,conv1,conv1,0.9922311902046204,0,0,adversarial_training,adversarial_training_robust_overfitting,robust_robust
Engstrom2019Robustness,Rice2020Overfitting,2,2,layer2.0.conv1,block1.layer.2.conv2,0.9564563035964966,0,0,adversarial_training,adversarial_training_robust_overfitting,robust_robust
Engstrom2019Robustness,Rice2020Overfitting,3,2,layer2.3.conv1,block1.layer.2.conv2,0.93461012840271,-1,1,adversarial_training,adversarial_training_robust_overfitting,robust_robust
Engstrom2019Robustness,Rice2020Overfitting,4,2,layer3.2.conv2,block1.layer.2.conv2,0.8309106826782227,-2,2,adversarial_training,adversarial_training_robust_overfitting,robust_robust
Engstrom2019Robustness,Rice2020Overfitting,5,5,layer3.5.conv3,block3.layer.1.conv2,0.7114033102989197,0,0,adversarial_training,adversarial_training_robust_overfitting,robust_robust
Engstrom2019Robustness,Rice2020Overfitting,6,6,linear,fc,0.9527164101600648,0,0,adversarial_training,adversarial_training_robust_overfitting,robust_robust
Engstrom2019Robustness,Standard,1,1,conv1,conv1,0.907788634300232,0,0,adversarial_training,standard,standard_robust
Engstrom2019Robustness,Standard,2,3,layer2.0.conv1,block2.layer.0.conv2,0.8642520308494568,1,1,adversarial_training,standard,standard_robust
Engstrom2019Robustness,Standard,3,3,layer2.3.conv1,block2.layer.0.conv2,0.8830704689025879,0,0,adversarial_training,standard,standard_robust
Engstrom2019Robustness,Standard,4,3,layer3.2.conv2,block2.layer.0.conv2,0.8394733667373657,-1,1,adversarial_training,standard,standard_robust
Engstrom2019Robustness,Standard,5,5,layer3.5.conv3,block3.layer.1.conv1,0.7871227860450745,0,0,adversarial_training,standard,standard_robust
Engstrom2019Robustness,Standard,6,6,linear,fc,0.6480215191841125,0,0,adversarial_training,standard,standard_robust
Engstrom2019Robustness,Wong2020Fast,1,1,conv1,conv1,0.94869065284729,0,0,adversarial_training,fast_adversarial_training,robust_robust
Engstrom2019Robustness,Wong2020Fast,2,3,layer2.0.conv1,layer2.1.conv1,0.9473064541816713,1,1,adversarial_training,fast_adversarial_training,robust_robust
Engstrom2019Robustness,Wong2020Fast,3,3,layer2.3.conv1,layer2.1.conv1,0.9729410409927368,0,0,adversarial_training,fast_adversarial_training,robust_robust
Engstrom2019Robustness,Wong2020Fast,4,3,layer3.2.conv2,layer2.1.conv1,0.8800683617591858,-1,1,adversarial_training,fast_adversarial_training,robust_robust
Engstrom2019Robustness,Wong2020Fast,5,3,layer3.5.conv3,layer2.1.conv1,0.7183225750923157,-2,2,adversarial_training,fast_adversarial_training,robust_robust
Engstrom2019Robustness,Wong2020Fast,6,6,linear,linear,0.935470163822174,0,0,adversarial_training,fast_adversarial_training,robust_robust
Rice2020Overfitting,Engstrom2019Robustness,1,1,conv1,conv1,0.9922311902046204,0,0,adversarial_training_robust_overfitting,adversarial_training,robust_robust
Rice2020Overfitting,Engstrom2019Robustness,2,2,block1.layer.2.conv2,layer2.0.conv1,0.9564563035964966,0,0,adversarial_training_robust_overfitting,adversarial_training,robust_robust
Rice2020Overfitting,Engstrom2019Robustness,3,1,block2.layer.0.convShortcut,conv1,0.89637291431427,-2,2,adversarial_training_robust_overfitting,adversarial_training,robust_robust
Rice2020Overfitting,Engstrom2019Robustness,4,3,block2.layer.3.conv2,layer2.3.conv1,0.7705424427986145,-1,1,adversarial_training_robust_overfitting,adversarial_training,robust_robust
Rice2020Overfitting,Engstrom2019Robustness,5,4,block3.layer.1.conv2,layer3.2.conv2,0.7786217927932739,-1,1,adversarial_training_robust_overfitting,adversarial_training,robust_robust
Rice2020Overfitting,Engstrom2019Robustness,6,6,fc,linear,0.9527164101600648,0,0,adversarial_training_robust_overfitting,adversarial_training,robust_robust
Rice2020Overfitting,Standard,1,1,conv1,conv1,0.9458745121955872,0,0,adversarial_training_robust_overfitting,standard,standard_robust
Rice2020Overfitting,Standard,2,1,block1.layer.2.conv2,conv1,0.8829602599143982,-1,1,adversarial_training_robust_overfitting,standard,standard_robust
Rice2020Overfitting,Standard,3,1,block2.layer.0.convShortcut,conv1,0.9288976192474364,-2,2,adversarial_training_robust_overfitting,standard,standard_robust
Rice2020Overfitting,Standard,4,4,block2.layer.3.conv2,block2.layer.3.conv1,0.7652893662452698,0,0,adversarial_training_robust_overfitting,standard,standard_robust
Rice2020Overfitting,Standard,5,3,block3.layer.1.conv2,block2.layer.0.conv2,0.733450174331665,-2,2,adversarial_training_robust_overfitting,standard,standard_robust
Rice2020Overfitting,Standard,6,6,fc,fc,0.6356517672538757,0,0,adversarial_training_robust_overfitting,standard,standard_robust
Rice2020Overfitting,Wong2020Fast,1,1,conv1,conv1,0.9769665002822876,0,0,adversarial_training_robust_overfitting,fast_adversarial_training,robust_robust
Rice2020Overfitting,Wong2020Fast,2,3,block1.layer.2.conv2,layer2.1.conv1,0.9257814288139344,1,1,adversarial_training_robust_overfitting,fast_adversarial_training,robust_robust
Rice2020Overfitting,Wong2020Fast,3,2,block2.layer.0.convShortcut,layer1.1.conv2,0.9636324644088744,-1,1,adversarial_training_robust_overfitting,fast_adversarial_training,robust_robust
Rice2020Overfitting,Wong2020Fast,4,3,block2.layer.3.conv2,layer2.1.conv1,0.8109545111656189,-1,1,adversarial_training_robust_overfitting,fast_adversarial_training,robust_robust
Rice2020Overfitting,Wong2020Fast,5,3,block3.layer.1.conv2,layer2.1.conv1,0.7439061403274536,-2,2,adversarial_training_robust_overfitting,fast_adversarial_training,robust_robust
Rice2020Overfitting,Wong2020Fast,6,6,fc,linear,0.9414626359939576,0,0,adversarial_training_robust_overfitting,fast_adversarial_training,robust_robust
Standard,Engstrom2019Robustness,1,1,conv1,conv1,0.907788634300232,0,0,standard,adversarial_training,standard_robust
Standard,Engstrom2019Robustness,2,2,block1.layer.2.conv1,layer2.0.conv1,0.8572043776512146,0,0,standard,adversarial_training,standard_robust
Standard,Engstrom2019Robustness,3,3,block2.layer.0.conv2,layer2.3.conv1,0.8830704689025879,0,0,standard,adversarial_training,standard_robust
Standard,Engstrom2019Robustness,4,3,block2.layer.3.conv1,layer2.3.conv1,0.8734787702560425,-1,1,standard,adversarial_training,standard_robust
Standard,Engstrom2019Robustness,5,5,block3.layer.1.conv1,layer3.5.conv3,0.7871227860450745,0,0,standard,adversarial_training,standard_robust
Standard,Engstrom2019Robustness,6,6,fc,linear,0.6480215191841125,0,0,standard,adversarial_training,standard_robust
Standard,Rice2020Overfitting,1,1,conv1,conv1,0.9458745121955872,0,0,standard,adversarial_training_robust_overfitting,standard_robust
Standard,Rice2020Overfitting,2,2,block1.layer.2.conv1,block1.layer.2.conv2,0.8069832921028137,0,0,standard,adversarial_training_robust_overfitting,standard_robust
Standard,Rice2020Overfitting,3,2,block2.layer.0.conv2,block1.layer.2.conv2,0.8412843942642212,-1,1,standard,adversarial_training_robust_overfitting,standard_robust
Standard,Rice2020Overfitting,4,2,block2.layer.3.conv1,block1.layer.2.conv2,0.8159927129745483,-2,2,standard,adversarial_training_robust_overfitting,standard_robust
Standard,Rice2020Overfitting,5,2,block3.layer.1.conv1,block1.layer.2.conv2,0.6718496084213257,-3,3,standard,adversarial_training_robust_overfitting,standard_robust
Standard,Rice2020Overfitting,6,6,fc,fc,0.6356517672538757,0,0,standard,adversarial_training_robust_overfitting,standard_robust
Standard,Wong2020Fast,1,1,conv1,conv1,0.9782893061637878,0,0,standard,fast_adversarial_training,standard_robust
Standard,Wong2020Fast,2,3,block1.layer.2.conv1,layer2.1.conv1,0.851965606212616,1,1,standard,fast_adversarial_training,standard_robust
Standard,Wong2020Fast,3,3,block2.layer.0.conv2,layer2.1.conv1,0.8833011388778687,0,0,standard,fast_adversarial_training,standard_robust
Standard,Wong2020Fast,4,3,block2.layer.3.conv1,layer2.1.conv1,0.8766279816627502,-1,1,standard,fast_adversarial_training,standard_robust
Standard,Wong2020Fast,5,3,block3.layer.1.conv1,layer2.1.conv1,0.6861797571182251,-2,2,standard,fast_adversarial_training,standard_robust
Standard,Wong2020Fast,6,6,fc,linear,0.6161254644393921,0,0,standard,fast_adversarial_training,standard_robust
Wong2020Fast,Engstrom2019Robustness,1,1,conv1,conv1,0.94869065284729,0,0,fast_adversarial_training,adversarial_training,robust_robust
Wong2020Fast,Engstrom2019Robustness,2,1,layer1.1.conv2,conv1,0.9450435042381288,-1,1,fast_adversarial_training,adversarial_training,robust_robust
Wong2020Fast,Engstrom2019Robustness,3,3,layer2.1.conv1,layer2.3.conv1,0.9729410409927368,0,0,fast_adversarial_training,adversarial_training,robust_robust
Wong2020Fast,Engstrom2019Robustness,4,1,layer3.0.shortcut.0,conv1,0.8360506892204285,-3,3,fast_adversarial_training,adversarial_training,robust_robust
Wong2020Fast,Engstrom2019Robustness,5,6,layer4.0.conv2,linear,0.8566036224365234,1,1,fast_adversarial_training,adversarial_training,robust_robust
Wong2020Fast,Engstrom2019Robustness,6,6,linear,linear,0.935470163822174,0,0,fast_adversarial_training,adversarial_training,robust_robust
Wong2020Fast,Rice2020Overfitting,1,1,conv1,conv1,0.9769665002822876,0,0,fast_adversarial_training,adversarial_training_robust_overfitting,robust_robust
Wong2020Fast,Rice2020Overfitting,2,1,layer1.1.conv2,conv1,0.9697285890579224,-1,1,fast_adversarial_training,adversarial_training_robust_overfitting,robust_robust
Wong2020Fast,Rice2020Overfitting,3,2,layer2.1.conv1,block1.layer.2.conv2,0.9257814288139344,-1,1,fast_adversarial_training,adversarial_training_robust_overfitting,robust_robust
Wong2020Fast,Rice2020Overfitting,4,3,layer3.0.shortcut.0,block2.layer.0.convShortcut,0.9433782696723938,-1,1,fast_adversarial_training,adversarial_training_robust_overfitting,robust_robust
Wong2020Fast,Rice2020Overfitting,5,6,layer4.0.conv2,fc,0.8473860025405884,1,1,fast_adversarial_training,adversarial_training_robust_overfitting,robust_robust
Wong2020Fast,Rice2020Overfitting,6,6,linear,fc,0.9414626359939576,0,0,fast_adversarial_training,adversarial_training_robust_overfitting,robust_robust
Wong2020Fast,Standard,1,1,conv1,conv1,0.9782893061637878,0,0,fast_adversarial_training,standard,standard_robust
Wong2020Fast,Standard,2,1,layer1.1.conv2,conv1,0.9690579771995544,-1,1,fast_adversarial_training,standard,standard_robust
Wong2020Fast,Standard,3,3,layer2.1.conv1,block2.layer.0.conv2,0.8833011388778687,0,0,fast_adversarial_training,standard,standard_robust
Wong2020Fast,Standard,4,1,layer3.0.shortcut.0,conv1,0.8741029500961304,-3,3,fast_adversarial_training,standard,standard_robust
Wong2020Fast,Standard,5,1,layer4.0.conv2,conv1,0.6459846496582031,-4,4,fast_adversarial_training,standard,standard_robust
Wong2020Fast,Standard,6,6,linear,fc,0.6161254644393921,0,0,fast_adversarial_training,standard,standard_robust
