source_model,target_model,sample_id,source_layer,target_layer,source_layer_name,target_layer_name,cka,transferable,n_samples
Standard,Engstrom2019Robustness,-1,1,1,conv1,conv1,0.9360688328742981,1,6
Standard,Engstrom2019Robustness,-1,1,2,conv1,layer2.0.conv1,0.9668314456939697,1,6
Standard,Engstrom2019Robustness,-1,1,3,conv1,layer2.3.conv1,0.950659453868866,1,6
Standard,Engstrom2019Robustness,-1,1,4,conv1,layer3.2.conv2,0.9199654459953308,1,6
Standard,Engstrom2019Robustness,-1,1,5,conv1,layer3.5.conv3,0.933734118938446,1,6
Standard,Engstrom2019Robustness,-1,1,6,conv1,linear,0.6324828267097473,1,6
Standard,Engstrom2019Robustness,-1,2,1,block1.layer.2.conv1,conv1,0.9144775867462158,1,6
Standard,Engstrom2019Robustness,-1,2,2,block1.layer.2.conv1,layer2.0.conv1,0.9537900686264038,1,6
Standard,Engstrom2019Robustness,-1,2,3,block1.layer.2.conv1,layer2.3.conv1,0.9495739340782166,1,6
Standard,Engstrom2019Robustness,-1,2,4,block1.layer.2.conv1,layer3.2.conv2,0.9320856928825378,1,6
Standard,Engstrom2019Robustness,-1,2,5,block1.layer.2.conv1,layer3.5.conv3,0.9732294082641602,1,6
Standard,Engstrom2019Robustness,-1,2,6,block1.layer.2.conv1,linear,0.5761276483535767,1,6
Standard,Engstrom2019Robustness,-1,3,1,block2.layer.0.conv2,conv1,0.8946358561515808,1,6
Standard,Engstrom2019Robustness,-1,3,2,block2.layer.0.conv2,layer2.0.conv1,0.9474936127662659,1,6
Standard,Engstrom2019Robustness,-1,3,3,block2.layer.0.conv2,layer2.3.conv1,0.947858989238739,1,6
Standard,Engstrom2019Robustness,-1,3,4,block2.layer.0.conv2,layer3.2.conv2,0.9358081221580505,1,6
Standard,Engstrom2019Robustness,-1,3,5,block2.layer.0.conv2,layer3.5.conv3,0.9837979674339294,1,6
Standard,Engstrom2019Robustness,-1,3,6,block2.layer.0.conv2,linear,0.5815975666046143,1,6
Standard,Engstrom2019Robustness,-1,4,1,block2.layer.3.conv1,conv1,0.8967651128768921,1,6
Standard,Engstrom2019Robustness,-1,4,2,block2.layer.3.conv1,layer2.0.conv1,0.9341723322868347,1,6
Standard,Engstrom2019Robustness,-1,4,3,block2.layer.3.conv1,layer2.3.conv1,0.9442177414894104,1,6
Standard,Engstrom2019Robustness,-1,4,4,block2.layer.3.conv1,layer3.2.conv2,0.9355459213256836,1,6
Standard,Engstrom2019Robustness,-1,4,5,block2.layer.3.conv1,layer3.5.conv3,0.9844152331352234,1,6
Standard,Engstrom2019Robustness,-1,4,6,block2.layer.3.conv1,linear,0.5742238163948059,1,6
Standard,Engstrom2019Robustness,-1,5,1,block3.layer.1.conv1,conv1,0.8958585262298584,1,6
Standard,Engstrom2019Robustness,-1,5,2,block3.layer.1.conv1,layer2.0.conv1,0.9287493228912354,1,6
Standard,Engstrom2019Robustness,-1,5,3,block3.layer.1.conv1,layer2.3.conv1,0.9364107251167297,1,6
Standard,Engstrom2019Robustness,-1,5,4,block3.layer.1.conv1,layer3.2.conv2,0.9299134016036987,1,6
Standard,Engstrom2019Robustness,-1,5,5,block3.layer.1.conv1,layer3.5.conv3,0.9671965837478638,1,6
Standard,Engstrom2019Robustness,-1,5,6,block3.layer.1.conv1,linear,0.624670684337616,1,6
Standard,Engstrom2019Robustness,-1,6,1,fc,conv1,0.7888376116752625,1,6
Standard,Engstrom2019Robustness,-1,6,2,fc,layer2.0.conv1,0.7769598960876465,1,6
Standard,Engstrom2019Robustness,-1,6,3,fc,layer2.3.conv1,0.7727511525154114,1,6
Standard,Engstrom2019Robustness,-1,6,4,fc,layer3.2.conv2,0.7664750218391418,1,6
Standard,Engstrom2019Robustness,-1,6,5,fc,layer3.5.conv3,0.8170741200447083,1,6
Standard,Engstrom2019Robustness,-1,6,6,fc,linear,0.6723678708076477,1,6
Standard,Engstrom2019Robustness,-1,1,1,conv1,conv1,0.9117849469184875,0,53
Standard,Engstrom2019Robustness,-1,1,2,conv1,layer2.0.conv1,0.8495880365371704,0,53
Standard,Engstrom2019Robustness,-1,1,3,conv1,layer2.3.conv1,0.782874584197998,0,53
Standard,Engstrom2019Robustness,-1,1,4,conv1,layer3.2.conv2,0.6914578080177307,0,53
Standard,Engstrom2019Robustness,-1,1,5,conv1,layer3.5.conv3,0.528607964515686,0,53
Standard,Engstrom2019Robustness,-1,1,6,conv1,linear,0.5407668948173523,0,53
Standard,Engstrom2019Robustness,-1,2,1,block1.layer.2.conv1,conv1,0.43649643659591675,0,53
Standard,Engstrom2019Robustness,-1,2,2,block1.layer.2.conv1,layer2.0.conv1,0.8642600178718567,0,53
Standard,Engstrom2019Robustness,-1,2,3,block1.layer.2.conv1,layer2.3.conv1,0.8561499714851379,0,53
Standard,Engstrom2019Robustness,-1,2,4,block1.layer.2.conv1,layer3.2.conv2,0.7985194325447083,0,53
Standard,Engstrom2019Robustness,-1,2,5,block1.layer.2.conv1,layer3.5.conv3,0.6889042854309082,0,53
Standard,Engstrom2019Robustness,-1,2,6,block1.layer.2.conv1,linear,0.2753264009952545,0,53
Standard,Engstrom2019Robustness,-1,3,1,block2.layer.0.conv2,conv1,0.5014057159423828,0,53
Standard,Engstrom2019Robustness,-1,3,2,block2.layer.0.conv2,layer2.0.conv1,0.8889362812042236,0,53
Standard,Engstrom2019Robustness,-1,3,3,block2.layer.0.conv2,layer2.3.conv1,0.8929630517959595,0,53
Standard,Engstrom2019Robustness,-1,3,4,block2.layer.0.conv2,layer3.2.conv2,0.8440595269203186,0,53
Standard,Engstrom2019Robustness,-1,3,5,block2.layer.0.conv2,layer3.5.conv3,0.7115877270698547,0,53
Standard,Engstrom2019Robustness,-1,3,6,block2.layer.0.conv2,linear,0.3626481592655182,0,53
Standard,Engstrom2019Robustness,-1,4,1,block2.layer.3.conv1,conv1,0.463609516620636,0,53
Standard,Engstrom2019Robustness,-1,4,2,block2.layer.3.conv1,layer2.0.conv1,0.858851969242096,0,53
Standard,Engstrom2019Robustness,-1,4,3,block2.layer.3.conv1,layer2.3.conv1,0.8690266013145447,0,53
Standard,Engstrom2019Robustness,-1,4,4,block2.layer.3.conv1,layer3.2.conv2,0.8251120448112488,0,53
Standard,Engstrom2019Robustness,-1,4,5,block2.layer.3.conv1,layer3.5.conv3,0.6948158144950867,0,53
Standard,Engstrom2019Robustness,-1,4,6,block2.layer.3.conv1,linear,0.30798256397247314,0,53
Standard,Engstrom2019Robustness,-1,5,1,block3.layer.1.conv1,conv1,0.4268028438091278,0,53
Standard,Engstrom2019Robustness,-1,5,2,block3.layer.1.conv1,layer2.0.conv1,0.7553876042366028,0,53
Standard,Engstrom2019Robustness,-1,5,3,block3.layer.1.conv1,layer2.3.conv1,0.763051450252533,0,53
Standard,Engstrom2019Robustness,-1,5,4,block3.layer.1.conv1,layer3.2.conv2,0.7345566749572754,0,53
Standard,Engstrom2019Robustness,-1,5,5,block3.layer.1.conv1,layer3.5.conv3,0.6423795223236084,0,53
Standard,Engstrom2019Robustness,-1,5,6,block3.layer.1.conv1,linear,0.31925493478775024,0,53
Standard,Engstrom2019Robustness,-1,6,1,fc,conv1,0.20310896635055542,0,53
Standard,Engstrom2019Robustness,-1,6,2,fc,layer2.0.conv1,0.30619871616363525,0,53
Standard,Engstrom2019Robustness,-1,6,3,fc,layer2.3.conv1,0.300229549407959,0,53
Standard,Engstrom2019Robustness,-1,6,4,fc,layer3.2.conv2,0.289285808801651,0,53
Standard,Engstrom2019Robustness,-1,6,5,fc,layer3.5.conv3,0.2505023777484894,0,53
Standard,Engstrom2019Robustness,-1,6,6,fc,linear,0.18073450028896332,0,53
Standard,Wong2020Fast,-1,1,1,conv1,conv1,0.9947637319564819,1,8
Standard,Wong2020Fast,-1,1,2,conv1,layer1.1.conv2,0.9953717589378357,1,8
Standard,Wong2020Fast,-1,1,3,conv1,layer2.1.conv1,0.9305492639541626,1,8
Standard,Wong2020Fast,-1,1,4,conv1,layer3.0.shortcut.0,0.9574094414710999,1,8
Standard,Wong2020Fast,-1,1,5,conv1,layer4.0.conv2,0.8161101937294006,1,8
Standard,Wong2020Fast,-1,1,6,conv1,linear,0.4705292582511902,1,8
Standard,Wong2020Fast,-1,2,1,block1.layer.2.conv1,conv1,0.8682504296302795,1,8
Standard,Wong2020Fast,-1,2,2,block1.layer.2.conv1,layer1.1.conv2,0.8739948272705078,1,8
Standard,Wong2020Fast,-1,2,3,block1.layer.2.conv1,layer2.1.conv1,0.9367750287055969,1,8
Standard,Wong2020Fast,-1,2,4,block1.layer.2.conv1,layer3.0.shortcut.0,0.854295551776886,1,8
Standard,Wong2020Fast,-1,2,5,block1.layer.2.conv1,layer4.0.conv2,0.87032151222229,1,8
Standard,Wong2020Fast,-1,2,6,block1.layer.2.conv1,linear,0.5704824924468994,1,8
Standard,Wong2020Fast,-1,3,1,block2.layer.0.conv2,conv1,0.8820778727531433,1,8
Standard,Wong2020Fast,-1,3,2,block2.layer.0.conv2,layer1.1.conv2,0.8862012028694153,1,8
Standard,Wong2020Fast,-1,3,3,block2.layer.0.conv2,layer2.1.conv1,0.9473140835762024,1,8
Standard,Wong2020Fast,-1,3,4,block2.layer.0.conv2,layer3.0.shortcut.0,0.8768810033798218,1,8
Standard,Wong2020Fast,-1,3,5,block2.layer.0.conv2,layer4.0.conv2,0.895546555519104,1,8
Standard,Wong2020Fast,-1,3,6,block2.layer.0.conv2,linear,0.5887348055839539,1,8
Standard,Wong2020Fast,-1,4,1,block2.layer.3.conv1,conv1,0.8671562075614929,1,8
Standard,Wong2020Fast,-1,4,2,block2.layer.3.conv1,layer1.1.conv2,0.8708190321922302,1,8
Standard,Wong2020Fast,-1,4,3,block2.layer.3.conv1,layer2.1.conv1,0.9401460289955139,1,8
Standard,Wong2020Fast,-1,4,4,block2.layer.3.conv1,layer3.0.shortcut.0,0.8672536015510559,1,8
Standard,Wong2020Fast,-1,4,5,block2.layer.3.conv1,layer4.0.conv2,0.8913137912750244,1,8
Standard,Wong2020Fast,-1,4,6,block2.layer.3.conv1,linear,0.5820777416229248,1,8
Standard,Wong2020Fast,-1,5,1,block3.layer.1.conv1,conv1,0.8458451628684998,1,8
Standard,Wong2020Fast,-1,5,2,block3.layer.1.conv1,layer1.1.conv2,0.8502932190895081,1,8
Standard,Wong2020Fast,-1,5,3,block3.layer.1.conv1,layer2.1.conv1,0.9221875071525574,1,8
Standard,Wong2020Fast,-1,5,4,block3.layer.1.conv1,layer3.0.shortcut.0,0.8398972749710083,1,8
Standard,Wong2020Fast,-1,5,5,block3.layer.1.conv1,layer4.0.conv2,0.8691621422767639,1,8
Standard,Wong2020Fast,-1,5,6,block3.layer.1.conv1,linear,0.5773108005523682,1,8
Standard,Wong2020Fast,-1,6,1,fc,conv1,0.7505632042884827,1,8
Standard,Wong2020Fast,-1,6,2,fc,layer1.1.conv2,0.7475314736366272,1,8
Standard,Wong2020Fast,-1,6,3,fc,layer2.1.conv1,0.8046529293060303,1,8
Standard,Wong2020Fast,-1,6,4,fc,layer3.0.shortcut.0,0.7310020327568054,1,8
Standard,Wong2020Fast,-1,6,5,fc,layer4.0.conv2,0.7409119606018066,1,8
Standard,Wong2020Fast,-1,6,6,fc,linear,0.594774067401886,1,8
Standard,Wong2020Fast,-1,1,1,conv1,conv1,0.9796558618545532,0,51
Standard,Wong2020Fast,-1,1,2,conv1,layer1.1.conv2,0.9696643352508545,0,51
Standard,Wong2020Fast,-1,1,3,conv1,layer2.1.conv1,0.7646886706352234,0,51
Standard,Wong2020Fast,-1,1,4,conv1,layer3.0.shortcut.0,0.8828285336494446,0,51
Standard,Wong2020Fast,-1,1,5,conv1,layer4.0.conv2,0.6797647476196289,0,51
Standard,Wong2020Fast,-1,1,6,conv1,linear,0.5150548815727234,0,51
Standard,Wong2020Fast,-1,2,1,block1.layer.2.conv1,conv1,0.5864071846008301,0,51
Standard,Wong2020Fast,-1,2,2,block1.layer.2.conv1,layer1.1.conv2,0.6304576396942139,0,51
Standard,Wong2020Fast,-1,2,3,block1.layer.2.conv1,layer2.1.conv1,0.8586503267288208,0,51
Standard,Wong2020Fast,-1,2,4,block1.layer.2.conv1,layer3.0.shortcut.0,0.4712893068790436,0,51
Standard,Wong2020Fast,-1,2,5,block1.layer.2.conv1,layer4.0.conv2,0.43048548698425293,0,51
Standard,Wong2020Fast,-1,2,6,block1.layer.2.conv1,linear,0.25846046209335327,0,51
Standard,Wong2020Fast,-1,3,1,block2.layer.0.conv2,conv1,0.6445496082305908,0,51
Standard,Wong2020Fast,-1,3,2,block2.layer.0.conv2,layer1.1.conv2,0.6888284683227539,0,51
Standard,Wong2020Fast,-1,3,3,block2.layer.0.conv2,layer2.1.conv1,0.8888253569602966,0,51
Standard,Wong2020Fast,-1,3,4,block2.layer.0.conv2,layer3.0.shortcut.0,0.5702374577522278,0,51
Standard,Wong2020Fast,-1,3,5,block2.layer.0.conv2,layer4.0.conv2,0.5266053080558777,0,51
Standard,Wong2020Fast,-1,3,6,block2.layer.0.conv2,linear,0.3445582389831543,0,51
Standard,Wong2020Fast,-1,4,1,block2.layer.3.conv1,conv1,0.5999191403388977,0,51
Standard,Wong2020Fast,-1,4,2,block2.layer.3.conv1,layer1.1.conv2,0.646122932434082,0,51
Standard,Wong2020Fast,-1,4,3,block2.layer.3.conv1,layer2.1.conv1,0.8699211478233337,0,51
Standard,Wong2020Fast,-1,4,4,block2.layer.3.conv1,layer3.0.shortcut.0,0.5101906061172485,0,51
Standard,Wong2020Fast,-1,4,5,block2.layer.3.conv1,layer4.0.conv2,0.46649566292762756,0,51
Standard,Wong2020Fast,-1,4,6,block2.layer.3.conv1,linear,0.2888883650302887,0,51
Standard,Wong2020Fast,-1,5,1,block3.layer.1.conv1,conv1,0.5504506826400757,0,51
Standard,Wong2020Fast,-1,5,2,block3.layer.1.conv1,layer1.1.conv2,0.5873161554336548,0,51
Standard,Wong2020Fast,-1,5,3,block3.layer.1.conv1,layer2.1.conv1,0.7693020701408386,0,51
Standard,Wong2020Fast,-1,5,4,block3.layer.1.conv1,layer3.0.shortcut.0,0.48453113436698914,0,51
Standard,Wong2020Fast,-1,5,5,block3.layer.1.conv1,layer4.0.conv2,0.468780517578125,0,51
Standard,Wong2020Fast,-1,5,6,block3.layer.1.conv1,linear,0.31125175952911377,0,51
Standard,Wong2020Fast,-1,6,1,fc,conv1,0.2595266103744507,0,51
Standard,Wong2020Fast,-1,6,2,fc,layer1.1.conv2,0.2631692886352539,0,51
Standard,Wong2020Fast,-1,6,3,fc,layer2.1.conv1,0.3039485514163971,0,51
Standard,Wong2020Fast,-1,6,4,fc,layer3.0.shortcut.0,0.24388045072555542,0,51
Standard,Wong2020Fast,-1,6,5,fc,layer4.0.conv2,0.25569772720336914,0,51
Standard,Wong2020Fast,-1,6,6,fc,linear,0.19125047326087952,0,51
Standard,Rice2020Overfitting,-1,1,1,conv1,conv1,0.9725214838981628,1,7
Standard,Rice2020Overfitting,-1,1,2,conv1,block1.layer.2.conv2,0.9667297005653381,1,7
Standard,Rice2020Overfitting,-1,1,3,conv1,block2.layer.0.convShortcut,0.9846450090408325,1,7
Standard,Rice2020Overfitting,-1,1,4,conv1,block2.layer.3.conv2,0.8215354681015015,1,7
Standard,Rice2020Overfitting,-1,1,5,conv1,block3.layer.1.conv2,0.8585376143455505,1,7
Standard,Rice2020Overfitting,-1,1,6,conv1,fc,0.6161080002784729,1,7
Standard,Rice2020Overfitting,-1,2,1,block1.layer.2.conv1,conv1,0.8260319232940674,1,7
Standard,Rice2020Overfitting,-1,2,2,block1.layer.2.conv1,block1.layer.2.conv2,0.958006739616394,1,7
Standard,Rice2020Overfitting,-1,2,3,block1.layer.2.conv1,block2.layer.0.convShortcut,0.8815495371818542,1,7
Standard,Rice2020Overfitting,-1,2,4,block1.layer.2.conv1,block2.layer.3.conv2,0.8362113237380981,1,7
Standard,Rice2020Overfitting,-1,2,5,block1.layer.2.conv1,block3.layer.1.conv2,0.8634749054908752,1,7
Standard,Rice2020Overfitting,-1,2,6,block1.layer.2.conv1,fc,0.5028637647628784,1,7
Standard,Rice2020Overfitting,-1,3,1,block2.layer.0.conv2,conv1,0.8466846346855164,1,7
Standard,Rice2020Overfitting,-1,3,2,block2.layer.0.conv2,block1.layer.2.conv2,0.9641271829605103,1,7
Standard,Rice2020Overfitting,-1,3,3,block2.layer.0.conv2,block2.layer.0.convShortcut,0.8990610837936401,1,7
Standard,Rice2020Overfitting,-1,3,4,block2.layer.0.conv2,block2.layer.3.conv2,0.8600642681121826,1,7
Standard,Rice2020Overfitting,-1,3,5,block2.layer.0.conv2,block3.layer.1.conv2,0.8891900777816772,1,7
Standard,Rice2020Overfitting,-1,3,6,block2.layer.0.conv2,fc,0.5100643038749695,1,7
Standard,Rice2020Overfitting,-1,4,1,block2.layer.3.conv1,conv1,0.8225327730178833,1,7
Standard,Rice2020Overfitting,-1,4,2,block2.layer.3.conv1,block1.layer.2.conv2,0.9472325444221497,1,7
Standard,Rice2020Overfitting,-1,4,3,block2.layer.3.conv1,block2.layer.0.convShortcut,0.8771364092826843,1,7
Standard,Rice2020Overfitting,-1,4,4,block2.layer.3.conv1,block2.layer.3.conv2,0.857556164264679,1,7
Standard,Rice2020Overfitting,-1,4,5,block2.layer.3.conv1,block3.layer.1.conv2,0.8909791707992554,1,7
Standard,Rice2020Overfitting,-1,4,6,block2.layer.3.conv1,fc,0.4954509437084198,1,7
Standard,Rice2020Overfitting,-1,5,1,block3.layer.1.conv1,conv1,0.8179674744606018,1,7
Standard,Rice2020Overfitting,-1,5,2,block3.layer.1.conv1,block1.layer.2.conv2,0.9281993508338928,1,7
Standard,Rice2020Overfitting,-1,5,3,block3.layer.1.conv1,block2.layer.0.convShortcut,0.8797343373298645,1,7
Standard,Rice2020Overfitting,-1,5,4,block3.layer.1.conv1,block2.layer.3.conv2,0.8117819428443909,1,7
Standard,Rice2020Overfitting,-1,5,5,block3.layer.1.conv1,block3.layer.1.conv2,0.8585819602012634,1,7
Standard,Rice2020Overfitting,-1,5,6,block3.layer.1.conv1,fc,0.5869848132133484,1,7
Standard,Rice2020Overfitting,-1,6,1,fc,conv1,0.6640056371688843,1,7
Standard,Rice2020Overfitting,-1,6,2,fc,block1.layer.2.conv2,0.7278206944465637,1,7
Standard,Rice2020Overfitting,-1,6,3,fc,block2.layer.0.convShortcut,0.7156801223754883,1,7
Standard,Rice2020Overfitting,-1,6,4,fc,block2.layer.3.conv2,0.5642778873443604,1,7
Standard,Rice2020Overfitting,-1,6,5,fc,block3.layer.1.conv2,0.6687307357788086,1,7
Standard,Rice2020Overfitting,-1,6,6,fc,fc,0.6211046576499939,1,7
Standard,Rice2020Overfitting,-1,1,1,conv1,conv1,0.9457240700721741,0,52
Standard,Rice2020Overfitting,-1,1,2,conv1,block1.layer.2.conv2,0.8897037506103516,0,52
Standard,Rice2020Overfitting,-1,1,3,conv1,block2.layer.0.convShortcut,0.9272730946540833,0,52
Standard,Rice2020Overfitting,-1,1,4,conv1,block2.layer.3.conv2,0.5783349871635437,0,52
Standard,Rice2020Overfitting,-1,1,5,conv1,block3.layer.1.conv2,0.5925049185752869,0,52
Standard,Rice2020Overfitting,-1,1,6,conv1,fc,0.49321040511131287,0,52
Standard,Rice2020Overfitting,-1,2,1,block1.layer.2.conv1,conv1,0.49474847316741943,0,52
Standard,Rice2020Overfitting,-1,2,2,block1.layer.2.conv1,block1.layer.2.conv2,0.8187851905822754,0,52
Standard,Rice2020Overfitting,-1,2,3,block1.layer.2.conv1,block2.layer.0.convShortcut,0.6422316431999207,0,52
Standard,Rice2020Overfitting,-1,2,4,block1.layer.2.conv1,block2.layer.3.conv2,0.7441083192825317,0,52
Standard,Rice2020Overfitting,-1,2,5,block1.layer.2.conv1,block3.layer.1.conv2,0.7255226969718933,0,52
Standard,Rice2020Overfitting,-1,2,6,block1.layer.2.conv1,fc,0.26705068349838257,0,52
Standard,Rice2020Overfitting,-1,3,1,block2.layer.0.conv2,conv1,0.5562959909439087,0,52
Standard,Rice2020Overfitting,-1,3,2,block2.layer.0.conv2,block1.layer.2.conv2,0.8604493141174316,0,52
Standard,Rice2020Overfitting,-1,3,3,block2.layer.0.conv2,block2.layer.0.convShortcut,0.719239354133606,0,52
Standard,Rice2020Overfitting,-1,3,4,block2.layer.0.conv2,block2.layer.3.conv2,0.7707343101501465,0,52
Standard,Rice2020Overfitting,-1,3,5,block2.layer.0.conv2,block3.layer.1.conv2,0.7634590864181519,0,52
Standard,Rice2020Overfitting,-1,3,6,block2.layer.0.conv2,fc,0.3599189519882202,0,52
Standard,Rice2020Overfitting,-1,4,1,block2.layer.3.conv1,conv1,0.5197754502296448,0,52
Standard,Rice2020Overfitting,-1,4,2,block2.layer.3.conv1,block1.layer.2.conv2,0.8274975419044495,0,52
Standard,Rice2020Overfitting,-1,4,3,block2.layer.3.conv1,block2.layer.0.convShortcut,0.6742230653762817,0,52
Standard,Rice2020Overfitting,-1,4,4,block2.layer.3.conv1,block2.layer.3.conv2,0.7624287605285645,0,52
Standard,Rice2020Overfitting,-1,4,5,block2.layer.3.conv1,block3.layer.1.conv2,0.743516743183136,0,52
Standard,Rice2020Overfitting,-1,4,6,block2.layer.3.conv1,fc,0.30851057171821594,0,52
Standard,Rice2020Overfitting,-1,5,1,block3.layer.1.conv1,conv1,0.47207874059677124,0,52
Standard,Rice2020Overfitting,-1,5,2,block3.layer.1.conv1,block1.layer.2.conv2,0.7284500002861023,0,52
Standard,Rice2020Overfitting,-1,5,3,block3.layer.1.conv1,block2.layer.0.convShortcut,0.6057630777359009,0,52
Standard,Rice2020Overfitting,-1,5,4,block3.layer.1.conv1,block2.layer.3.conv2,0.6720141768455505,0,52
Standard,Rice2020Overfitting,-1,5,5,block3.layer.1.conv1,block3.layer.1.conv2,0.6669243574142456,0,52
Standard,Rice2020Overfitting,-1,5,6,block3.layer.1.conv1,fc,0.31801435351371765,0,52
Standard,Rice2020Overfitting,-1,6,1,fc,conv1,0.2175794541835785,0,52
Standard,Rice2020Overfitting,-1,6,2,fc,block1.layer.2.conv2,0.29678502678871155,0,52
Standard,Rice2020Overfitting,-1,6,3,fc,block2.layer.0.convShortcut,0.2563934028148651,0,52
Standard,Rice2020Overfitting,-1,6,4,fc,block2.layer.3.conv2,0.25296705961227417,0,52
Standard,Rice2020Overfitting,-1,6,5,fc,block3.layer.1.conv2,0.28266972303390503,0,52
Standard,Rice2020Overfitting,-1,6,6,fc,fc,0.18899734318256378,0,52
Engstrom2019Robustness,Standard,-1,1,1,conv1,conv1,0.9688194990158081,1,9
Engstrom2019Robustness,Standard,-1,1,2,conv1,block1.layer.2.conv1,0.825346052646637,1,9
Engstrom2019Robustness,Standard,-1,1,3,conv1,block2.layer.0.conv2,0.8673676252365112,1,9
Engstrom2019Robustness,Standard,-1,1,4,conv1,block2.layer.3.conv1,0.8570919632911682,1,9
Engstrom2019Robustness,Standard,-1,1,5,conv1,block3.layer.1.conv1,0.8377851247787476,1,9
Engstrom2019Robustness,Standard,-1,1,6,conv1,fc,0.6429724097251892,1,9
Engstrom2019Robustness,Standard,-1,2,1,layer2.0.conv1,conv1,0.9576535820960999,1,9
Engstrom2019Robustness,Standard,-1,2,2,layer2.0.conv1,block1.layer.2.conv1,0.976449191570282,1,9
Engstrom2019Robustness,Standard,-1,2,3,layer2.0.conv1,block2.layer.0.conv2,0.9861094355583191,1,9
Engstrom2019Robustness,Standard,-1,2,4,layer2.0.conv1,block2.layer.3.conv1,0.9778645634651184,1,9
Engstrom2019Robustness,Standard,-1,2,5,layer2.0.conv1,block3.layer.1.conv1,0.944453239440918,1,9
Engstrom2019Robustness,Standard,-1,2,6,layer2.0.conv1,fc,0.6581906080245972,1,9
Engstrom2019Robustness,Standard,-1,3,1,layer2.3.conv1,conv1,0.9352737069129944,1,9
Engstrom2019Robustness,Standard,-1,3,2,layer2.3.conv1,block1.layer.2.conv1,0.9589446783065796,1,9
Engstrom2019Robustness,Standard,-1,3,3,layer2.3.conv1,block2.layer.0.conv2,0.9806604981422424,1,9
Engstrom2019Robustness,Standard,-1,3,4,layer2.3.conv1,block2.layer.3.conv1,0.9634329676628113,1,9
Engstrom2019Robustness,Standard,-1,3,5,layer2.3.conv1,block3.layer.1.conv1,0.9267075657844543,1,9
Engstrom2019Robustness,Standard,-1,3,6,layer2.3.conv1,fc,0.6417196989059448,1,9
Engstrom2019Robustness,Standard,-1,4,1,layer3.2.conv2,conv1,0.9058928489685059,1,9
Engstrom2019Robustness,Standard,-1,4,2,layer3.2.conv2,block1.layer.2.conv1,0.9300157427787781,1,9
Engstrom2019Robustness,Standard,-1,4,3,layer3.2.conv2,block2.layer.0.conv2,0.9545857310295105,1,9
Engstrom2019Robustness,Standard,-1,4,4,layer3.2.conv2,block2.layer.3.conv1,0.9347532391548157,1,9
Engstrom2019Robustness,Standard,-1,4,5,layer3.2.conv2,block3.layer.1.conv1,0.9109584093093872,1,9
Engstrom2019Robustness,Standard,-1,4,6,layer3.2.conv2,fc,0.6012654304504395,1,9
Engstrom2019Robustness,Standard,-1,5,1,layer3.5.conv3,conv1,0.8918524384498596,1,9
Engstrom2019Robustness,Standard,-1,5,2,layer3.5.conv3,block1.layer.2.conv1,0.9268827438354492,1,9
Engstrom2019Robustness,Standard,-1,5,3,layer3.5.conv3,block2.layer.0.conv2,0.9418120384216309,1,9
Engstrom2019Robustness,Standard,-1,5,4,layer3.5.conv3,block2.layer.3.conv1,0.931226909160614,1,9
Engstrom2019Robustness,Standard,-1,5,5,layer3.5.conv3,block3.layer.1.conv1,0.9369649291038513,1,9
Engstrom2019Robustness,Standard,-1,5,6,layer3.5.conv3,fc,0.6417660713195801,1,9
Engstrom2019Robustness,Standard,-1,6,1,linear,conv1,0.6203723549842834,1,9
Engstrom2019Robustness,Standard,-1,6,2,linear,block1.layer.2.conv1,0.4673079550266266,1,9
Engstrom2019Robustness,Standard,-1,6,3,linear,block2.layer.0.conv2,0.4696698784828186,1,9
Engstrom2019Robustness,Standard,-1,6,4,linear,block2.layer.3.conv1,0.4864358603954315,1,9
Engstrom2019Robustness,Standard,-1,6,5,linear,block3.layer.1.conv1,0.5102300047874451,1,9
Engstrom2019Robustness,Standard,-1,6,6,linear,fc,0.5986461639404297,1,9
Engstrom2019Robustness,Standard,-1,1,1,conv1,conv1,0.8972871899604797,0,17
Engstrom2019Robustness,Standard,-1,1,2,conv1,block1.layer.2.conv1,0.681801438331604,0,17
Engstrom2019Robustness,Standard,-1,1,3,conv1,block2.layer.0.conv2,0.6918525695800781,0,17
Engstrom2019Robustness,Standard,-1,1,4,conv1,block2.layer.3.conv1,0.6948948502540588,0,17
Engstrom2019Robustness,Standard,-1,1,5,conv1,block3.layer.1.conv1,0.6145111918449402,0,17
Engstrom2019Robustness,Standard,-1,1,6,conv1,fc,0.4390343129634857,0,17
Engstrom2019Robustness,Standard,-1,2,1,layer2.0.conv1,conv1,0.9188430309295654,0,17
Engstrom2019Robustness,Standard,-1,2,2,layer2.0.conv1,block1.layer.2.conv1,0.9258344769477844,0,17
Engstrom2019Robustness,Standard,-1,2,3,layer2.0.conv1,block2.layer.0.conv2,0.9451404213905334,0,17
Engstrom2019Robustness,Standard,-1,2,4,layer2.0.conv1,block2.layer.3.conv1,0.930782675743103,0,17
Engstrom2019Robustness,Standard,-1,2,5,layer2.0.conv1,block3.layer.1.conv1,0.8367040157318115,0,17
Engstrom2019Robustness,Standard,-1,2,6,layer2.0.conv1,fc,0.5678920745849609,0,17
Engstrom2019Robustness,Standard,-1,3,1,layer2.3.conv1,conv1,0.9005385637283325,0,17
Engstrom2019Robustness,Standard,-1,3,2,layer2.3.conv1,block1.layer.2.conv1,0.9154305458068848,0,17
Engstrom2019Robustness,Standard,-1,3,3,layer2.3.conv1,block2.layer.0.conv2,0.9483003616333008,0,17
Engstrom2019Robustness,Standard,-1,3,4,layer2.3.conv1,block2.layer.3.conv1,0.9364956617355347,0,17
Engstrom2019Robustness,Standard,-1,3,5,layer2.3.conv1,block3.layer.1.conv1,0.8375557065010071,0,17
Engstrom2019Robustness,Standard,-1,3,6,layer2.3.conv1,fc,0.5498595833778381,0,17
Engstrom2019Robustness,Standard,-1,4,1,layer3.2.conv2,conv1,0.8627938628196716,0,17
Engstrom2019Robustness,Standard,-1,4,2,layer3.2.conv2,block1.layer.2.conv1,0.909498929977417,0,17
Engstrom2019Robustness,Standard,-1,4,3,layer3.2.conv2,block2.layer.0.conv2,0.9464855790138245,0,17
Engstrom2019Robustness,Standard,-1,4,4,layer3.2.conv2,block2.layer.3.conv1,0.9427087306976318,0,17
Engstrom2019Robustness,Standard,-1,4,5,layer3.2.conv2,block3.layer.1.conv1,0.8673104047775269,0,17
Engstrom2019Robustness,Standard,-1,4,6,layer3.2.conv2,fc,0.5555012226104736,0,17
Engstrom2019Robustness,Standard,-1,5,1,layer3.5.conv3,conv1,0.8378349542617798,0,17
Engstrom2019Robustness,Standard,-1,5,2,layer3.5.conv3,block1.layer.2.conv1,0.9117667078971863,0,17
Engstrom2019Robustness,Standard,-1,5,3,layer3.5.conv3,block2.layer.0.conv2,0.9450246095657349,0,17
Engstrom2019Robustness,Standard,-1,5,4,layer3.5.conv3,block2.layer.3.conv1,0.9437809586524963,0,17
Engstrom2019Robustness,Standard,-1,5,5,layer3.5.conv3,block3.layer.1.conv1,0.9033082127571106,0,17
Engstrom2019Robustness,Standard,-1,5,6,layer3.5.conv3,fc,0.5759658813476562,0,17
Engstrom2019Robustness,Standard,-1,6,1,linear,conv1,0.5332942008972168,0,17
Engstrom2019Robustness,Standard,-1,6,2,linear,block1.layer.2.conv1,0.45856472849845886,0,17
Engstrom2019Robustness,Standard,-1,6,3,linear,block2.layer.0.conv2,0.48520907759666443,0,17
Engstrom2019Robustness,Standard,-1,6,4,linear,block2.layer.3.conv1,0.4770115613937378,0,17
Engstrom2019Robustness,Standard,-1,6,5,linear,block3.layer.1.conv1,0.48520657420158386,0,17
Engstrom2019Robustness,Standard,-1,6,6,linear,fc,0.49499019980430603,0,17
Engstrom2019Robustness,Wong2020Fast,-1,1,1,conv1,conv1,0.9546168446540833,1,20
Engstrom2019Robustness,Wong2020Fast,-1,1,2,conv1,layer1.1.conv2,0.9411724805831909,1,20
Engstrom2019Robustness,Wong2020Fast,-1,1,3,conv1,layer2.1.conv1,0.7221804261207581,1,20
Engstrom2019Robustness,Wong2020Fast,-1,1,4,conv1,layer3.0.shortcut.0,0.8974933624267578,1,20
Engstrom2019Robustness,Wong2020Fast,-1,1,5,conv1,layer4.0.conv2,0.7442302703857422,1,20
Engstrom2019Robustness,Wong2020Fast,-1,1,6,conv1,linear,0.5372889041900635,1,20
Engstrom2019Robustness,Wong2020Fast,-1,2,1,layer2.0.conv1,conv1,0.9067644476890564,1,20
Engstrom2019Robustness,Wong2020Fast,-1,2,2,layer2.0.conv1,layer1.1.conv2,0.9314592480659485,1,20
Engstrom2019Robustness,Wong2020Fast,-1,2,3,layer2.0.conv1,layer2.1.conv1,0.9804545044898987,1,20
Engstrom2019Robustness,Wong2020Fast,-1,2,4,layer2.0.conv1,layer3.0.shortcut.0,0.8292335271835327,1,20
Engstrom2019Robustness,Wong2020Fast,-1,2,5,layer2.0.conv1,layer4.0.conv2,0.7265037298202515,1,20
Engstrom2019Robustness,Wong2020Fast,-1,2,6,layer2.0.conv1,linear,0.4033752977848053,1,20
Engstrom2019Robustness,Wong2020Fast,-1,3,1,layer2.3.conv1,conv1,0.8797004222869873,1,20
Engstrom2019Robustness,Wong2020Fast,-1,3,2,layer2.3.conv1,layer1.1.conv2,0.9102106690406799,1,20
Engstrom2019Robustness,Wong2020Fast,-1,3,3,layer2.3.conv1,layer2.1.conv1,0.9931203126907349,1,20
Engstrom2019Robustness,Wong2020Fast,-1,3,4,layer2.3.conv1,layer3.0.shortcut.0,0.7995684742927551,1,20
Engstrom2019Robustness,Wong2020Fast,-1,3,5,layer2.3.conv1,layer4.0.conv2,0.6939373016357422,1,20
Engstrom2019Robustness,Wong2020Fast,-1,3,6,layer2.3.conv1,linear,0.3583454191684723,1,20
Engstrom2019Robustness,Wong2020Fast,-1,4,1,layer3.2.conv2,conv1,0.8305673599243164,1,20
Engstrom2019Robustness,Wong2020Fast,-1,4,2,layer3.2.conv2,layer1.1.conv2,0.8591670989990234,1,20
Engstrom2019Robustness,Wong2020Fast,-1,4,3,layer3.2.conv2,layer2.1.conv1,0.9438032507896423,1,20
Engstrom2019Robustness,Wong2020Fast,-1,4,4,layer3.2.conv2,layer3.0.shortcut.0,0.7705062627792358,1,20
Engstrom2019Robustness,Wong2020Fast,-1,4,5,layer3.2.conv2,layer4.0.conv2,0.702303946018219,1,20
Engstrom2019Robustness,Wong2020Fast,-1,4,6,layer3.2.conv2,linear,0.3404608964920044,1,20
Engstrom2019Robustness,Wong2020Fast,-1,5,1,layer3.5.conv3,conv1,0.790213942527771,1,20
Engstrom2019Robustness,Wong2020Fast,-1,5,2,layer3.5.conv3,layer1.1.conv2,0.8144674301147461,1,20
Engstrom2019Robustness,Wong2020Fast,-1,5,3,layer3.5.conv3,layer2.1.conv1,0.9141629338264465,1,20
Engstrom2019Robustness,Wong2020Fast,-1,5,4,layer3.5.conv3,layer3.0.shortcut.0,0.739799976348877,1,20
Engstrom2019Robustness,Wong2020Fast,-1,5,5,layer3.5.conv3,layer4.0.conv2,0.7023143768310547,1,20
Engstrom2019Robustness,Wong2020Fast,-1,5,6,layer3.5.conv3,linear,0.3745754659175873,1,20
Engstrom2019Robustness,Wong2020Fast,-1,6,1,linear,conv1,0.5503393411636353,1,20
Engstrom2019Robustness,Wong2020Fast,-1,6,2,linear,layer1.1.conv2,0.5213846564292908,1,20
Engstrom2019Robustness,Wong2020Fast,-1,6,3,linear,layer2.1.conv1,0.3606759011745453,1,20
Engstrom2019Robustness,Wong2020Fast,-1,6,4,linear,layer3.0.shortcut.0,0.6737090349197388,1,20
Engstrom2019Robustness,Wong2020Fast,-1,6,5,linear,layer4.0.conv2,0.8257526159286499,1,20
Engstrom2019Robustness,Wong2020Fast,-1,6,6,linear,linear,0.9516310691833496,1,20
Engstrom2019Robustness,Wong2020Fast,-1,1,1,conv1,conv1,0.9707197546958923,0,6
Engstrom2019Robustness,Wong2020Fast,-1,1,2,conv1,layer1.1.conv2,0.9717437028884888,0,6
Engstrom2019Robustness,Wong2020Fast,-1,1,3,conv1,layer2.1.conv1,0.9330484867095947,0,6
Engstrom2019Robustness,Wong2020Fast,-1,1,4,conv1,layer3.0.shortcut.0,0.9315989017486572,0,6
Engstrom2019Robustness,Wong2020Fast,-1,1,5,conv1,layer4.0.conv2,0.8225663304328918,0,6
Engstrom2019Robustness,Wong2020Fast,-1,1,6,conv1,linear,0.8203020095825195,0,6
Engstrom2019Robustness,Wong2020Fast,-1,2,1,layer2.0.conv1,conv1,0.9773285388946533,0,6
Engstrom2019Robustness,Wong2020Fast,-1,2,2,layer2.0.conv1,layer1.1.conv2,0.9827316999435425,0,6
Engstrom2019Robustness,Wong2020Fast,-1,2,3,layer2.0.conv1,layer2.1.conv1,0.9826921820640564,0,6
Engstrom2019Robustness,Wong2020Fast,-1,2,4,layer2.0.conv1,layer3.0.shortcut.0,0.952682375907898,0,6
Engstrom2019Robustness,Wong2020Fast,-1,2,5,layer2.0.conv1,layer4.0.conv2,0.9192348718643188,0,6
Engstrom2019Robustness,Wong2020Fast,-1,2,6,layer2.0.conv1,linear,0.821323573589325,0,6
Engstrom2019Robustness,Wong2020Fast,-1,3,1,layer2.3.conv1,conv1,0.971376359462738,0,6
Engstrom2019Robustness,Wong2020Fast,-1,3,2,layer2.3.conv1,layer1.1.conv2,0.9800319671630859,0,6
Engstrom2019Robustness,Wong2020Fast,-1,3,3,layer2.3.conv1,layer2.1.conv1,0.9845700860023499,0,6
Engstrom2019Robustness,Wong2020Fast,-1,3,4,layer2.3.conv1,layer3.0.shortcut.0,0.948909342288971,0,6
Engstrom2019Robustness,Wong2020Fast,-1,3,5,layer2.3.conv1,layer4.0.conv2,0.9149406552314758,0,6
Engstrom2019Robustness,Wong2020Fast,-1,3,6,layer2.3.conv1,linear,0.8147350549697876,0,6
Engstrom2019Robustness,Wong2020Fast,-1,4,1,layer3.2.conv2,conv1,0.9489985108375549,0,6
Engstrom2019Robustness,Wong2020Fast,-1,4,2,layer3.2.conv2,layer1.1.conv2,0.9558669924736023,0,6
Engstrom2019Robustness,Wong2020Fast,-1,4,3,layer3.2.conv2,layer2.1.conv1,0.9651539921760559,0,6
Engstrom2019Robustness,Wong2020Fast,-1,4,4,layer3.2.conv2,layer3.0.shortcut.0,0.9392362236976624,0,6
Engstrom2019Robustness,Wong2020Fast,-1,4,5,layer3.2.conv2,layer4.0.conv2,0.931311845779419,0,6
Engstrom2019Robustness,Wong2020Fast,-1,4,6,layer3.2.conv2,linear,0.7778235673904419,0,6
Engstrom2019Robustness,Wong2020Fast,-1,5,1,layer3.5.conv3,conv1,0.943607747554779,0,6
Engstrom2019Robustness,Wong2020Fast,-1,5,2,layer3.5.conv3,layer1.1.conv2,0.952190637588501,0,6
Engstrom2019Robustness,Wong2020Fast,-1,5,3,layer3.5.conv3,layer2.1.conv1,0.9753053188323975,0,6
Engstrom2019Robustness,Wong2020Fast,-1,5,4,layer3.5.conv3,layer3.0.shortcut.0,0.9286006689071655,0,6
Engstrom2019Robustness,Wong2020Fast,-1,5,5,layer3.5.conv3,layer4.0.conv2,0.9150554537773132,0,6
Engstrom2019Robustness,Wong2020Fast,-1,5,6,layer3.5.conv3,linear,0.7817916870117188,0,6
Engstrom2019Robustness,Wong2020Fast,-1,6,1,linear,conv1,0.8772643208503723,0,6
Engstrom2019Robustness,Wong2020Fast,-1,6,2,linear,layer1.1.conv2,0.87353515625,0,6
Engstrom2019Robustness,Wong2020Fast,-1,6,3,linear,layer2.1.conv1,0.8972330093383789,0,6
Engstrom2019Robustness,Wong2020Fast,-1,6,4,linear,layer3.0.shortcut.0,0.8401237726211548,0,6
Engstrom2019Robustness,Wong2020Fast,-1,6,5,linear,layer4.0.conv2,0.8573871850967407,0,6
Engstrom2019Robustness,Wong2020Fast,-1,6,6,linear,linear,0.9662089347839355,0,6
Engstrom2019Robustness,Rice2020Overfitting,-1,1,1,conv1,conv1,0.9927362203598022,1,13
Engstrom2019Robustness,Rice2020Overfitting,-1,1,2,conv1,block1.layer.2.conv2,0.8561990261077881,1,13
Engstrom2019Robustness,Rice2020Overfitting,-1,1,3,conv1,block2.layer.0.convShortcut,0.9240385293960571,1,13
Engstrom2019Robustness,Rice2020Overfitting,-1,1,4,conv1,block2.layer.3.conv2,0.7817999124526978,1,13
Engstrom2019Robustness,Rice2020Overfitting,-1,1,5,conv1,block3.layer.1.conv2,0.7441497445106506,1,13
Engstrom2019Robustness,Rice2020Overfitting,-1,1,6,conv1,fc,0.39136162400245667,1,13
Engstrom2019Robustness,Rice2020Overfitting,-1,2,1,layer2.0.conv1,conv1,0.8965319991111755,1,13
Engstrom2019Robustness,Rice2020Overfitting,-1,2,2,layer2.0.conv1,block1.layer.2.conv2,0.9947363138198853,1,13
Engstrom2019Robustness,Rice2020Overfitting,-1,2,3,layer2.0.conv1,block2.layer.0.convShortcut,0.9733458757400513,1,13
Engstrom2019Robustness,Rice2020Overfitting,-1,2,4,layer2.0.conv1,block2.layer.3.conv2,0.9367680549621582,1,13
Engstrom2019Robustness,Rice2020Overfitting,-1,2,5,layer2.0.conv1,block3.layer.1.conv2,0.8703998923301697,1,13
Engstrom2019Robustness,Rice2020Overfitting,-1,2,6,layer2.0.conv1,fc,0.537527322769165,1,13
Engstrom2019Robustness,Rice2020Overfitting,-1,3,1,layer2.3.conv1,conv1,0.8939460515975952,1,13
Engstrom2019Robustness,Rice2020Overfitting,-1,3,2,layer2.3.conv1,block1.layer.2.conv2,0.9895280003547668,1,13
Engstrom2019Robustness,Rice2020Overfitting,-1,3,3,layer2.3.conv1,block2.layer.0.convShortcut,0.9698683023452759,1,13
Engstrom2019Robustness,Rice2020Overfitting,-1,3,4,layer2.3.conv1,block2.layer.3.conv2,0.9468544721603394,1,13
Engstrom2019Robustness,Rice2020Overfitting,-1,3,5,layer2.3.conv1,block3.layer.1.conv2,0.8938561081886292,1,13
Engstrom2019Robustness,Rice2020Overfitting,-1,3,6,layer2.3.conv1,fc,0.5237675309181213,1,13
Engstrom2019Robustness,Rice2020Overfitting,-1,4,1,layer3.2.conv2,conv1,0.8787117600440979,1,13
Engstrom2019Robustness,Rice2020Overfitting,-1,4,2,layer3.2.conv2,block1.layer.2.conv2,0.9722897410392761,1,13
Engstrom2019Robustness,Rice2020Overfitting,-1,4,3,layer3.2.conv2,block2.layer.0.convShortcut,0.9516546130180359,1,13
Engstrom2019Robustness,Rice2020Overfitting,-1,4,4,layer3.2.conv2,block2.layer.3.conv2,0.9287936091423035,1,13
Engstrom2019Robustness,Rice2020Overfitting,-1,4,5,layer3.2.conv2,block3.layer.1.conv2,0.9087709784507751,1,13
Engstrom2019Robustness,Rice2020Overfitting,-1,4,6,layer3.2.conv2,fc,0.5181878805160522,1,13
Engstrom2019Robustness,Rice2020Overfitting,-1,5,1,layer3.5.conv3,conv1,0.7979126572608948,1,13
Engstrom2019Robustness,Rice2020Overfitting,-1,5,2,layer3.5.conv3,block1.layer.2.conv2,0.9215255975723267,1,13
Engstrom2019Robustness,Rice2020Overfitting,-1,5,3,layer3.5.conv3,block2.layer.0.convShortcut,0.8839572072029114,1,13
Engstrom2019Robustness,Rice2020Overfitting,-1,5,4,layer3.5.conv3,block2.layer.3.conv2,0.9081448316574097,1,13
Engstrom2019Robustness,Rice2020Overfitting,-1,5,5,layer3.5.conv3,block3.layer.1.conv2,0.8372690677642822,1,13
Engstrom2019Robustness,Rice2020Overfitting,-1,5,6,layer3.5.conv3,fc,0.5941954255104065,1,13
Engstrom2019Robustness,Rice2020Overfitting,-1,6,1,linear,conv1,0.4049118757247925,1,13
Engstrom2019Robustness,Rice2020Overfitting,-1,6,2,linear,block1.layer.2.conv2,0.5031391978263855,1,13
Engstrom2019Robustness,Rice2020Overfitting,-1,6,3,linear,block2.layer.0.convShortcut,0.4856215715408325,1,13
Engstrom2019Robustness,Rice2020Overfitting,-1,6,4,linear,block2.layer.3.conv2,0.553456723690033,1,13
Engstrom2019Robustness,Rice2020Overfitting,-1,6,5,linear,block3.layer.1.conv2,0.5135660767555237,1,13
Engstrom2019Robustness,Rice2020Overfitting,-1,6,6,linear,fc,0.913078248500824,1,13
Engstrom2019Robustness,Rice2020Overfitting,-1,1,1,conv1,conv1,0.9935743808746338,0,13
Engstrom2019Robustness,Rice2020Overfitting,-1,1,2,conv1,block1.layer.2.conv2,0.8635525703430176,0,13
Engstrom2019Robustness,Rice2020Overfitting,-1,1,3,conv1,block2.layer.0.convShortcut,0.9336563348770142,0,13
Engstrom2019Robustness,Rice2020Overfitting,-1,1,4,conv1,block2.layer.3.conv2,0.6810952425003052,0,13
Engstrom2019Robustness,Rice2020Overfitting,-1,1,5,conv1,block3.layer.1.conv2,0.7193350195884705,0,13
Engstrom2019Robustness,Rice2020Overfitting,-1,1,6,conv1,fc,0.6883907914161682,0,13
Engstrom2019Robustness,Rice2020Overfitting,-1,2,1,layer2.0.conv1,conv1,0.8482216596603394,0,13
Engstrom2019Robustness,Rice2020Overfitting,-1,2,2,layer2.0.conv1,block1.layer.2.conv2,0.9866114258766174,0,13
Engstrom2019Robustness,Rice2020Overfitting,-1,2,3,layer2.0.conv1,block2.layer.0.convShortcut,0.9397939443588257,0,13
Engstrom2019Robustness,Rice2020Overfitting,-1,2,4,layer2.0.conv1,block2.layer.3.conv2,0.8962259888648987,0,13
Engstrom2019Robustness,Rice2020Overfitting,-1,2,5,layer2.0.conv1,block3.layer.1.conv2,0.8666885495185852,0,13
Engstrom2019Robustness,Rice2020Overfitting,-1,2,6,layer2.0.conv1,fc,0.5576608180999756,0,13
Engstrom2019Robustness,Rice2020Overfitting,-1,3,1,layer2.3.conv1,conv1,0.8237149119377136,0,13
Engstrom2019Robustness,Rice2020Overfitting,-1,3,2,layer2.3.conv1,block1.layer.2.conv2,0.9791331887245178,0,13
Engstrom2019Robustness,Rice2020Overfitting,-1,3,3,layer2.3.conv1,block2.layer.0.convShortcut,0.9263747334480286,0,13
Engstrom2019Robustness,Rice2020Overfitting,-1,3,4,layer2.3.conv1,block2.layer.3.conv2,0.9228101968765259,0,13
Engstrom2019Robustness,Rice2020Overfitting,-1,3,5,layer2.3.conv1,block3.layer.1.conv2,0.8937506675720215,0,13
Engstrom2019Robustness,Rice2020Overfitting,-1,3,6,layer2.3.conv1,fc,0.5268178582191467,0,13
Engstrom2019Robustness,Rice2020Overfitting,-1,4,1,layer3.2.conv2,conv1,0.7944632768630981,0,13
Engstrom2019Robustness,Rice2020Overfitting,-1,4,2,layer3.2.conv2,block1.layer.2.conv2,0.9407228231430054,0,13
Engstrom2019Robustness,Rice2020Overfitting,-1,4,3,layer3.2.conv2,block2.layer.0.convShortcut,0.8911396861076355,0,13
Engstrom2019Robustness,Rice2020Overfitting,-1,4,4,layer3.2.conv2,block2.layer.3.conv2,0.9382227659225464,0,13
Engstrom2019Robustness,Rice2020Overfitting,-1,4,5,layer3.2.conv2,block3.layer.1.conv2,0.9361947178840637,0,13
Engstrom2019Robustness,Rice2020Overfitting,-1,4,6,layer3.2.conv2,fc,0.49647873640060425,0,13
Engstrom2019Robustness,Rice2020Overfitting,-1,5,1,layer3.5.conv3,conv1,0.7859969139099121,0,13
Engstrom2019Robustness,Rice2020Overfitting,-1,5,2,layer3.5.conv3,block1.layer.2.conv2,0.9368293881416321,0,13
Engstrom2019Robustness,Rice2020Overfitting,-1,5,3,layer3.5.conv3,block2.layer.0.convShortcut,0.8799401521682739,0,13
Engstrom2019Robustness,Rice2020Overfitting,-1,5,4,layer3.5.conv3,block2.layer.3.conv2,0.9494467377662659,0,13
Engstrom2019Robustness,Rice2020Overfitting,-1,5,5,layer3.5.conv3,block3.layer.1.conv2,0.9331623315811157,0,13
Engstrom2019Robustness,Rice2020Overfitting,-1,5,6,layer3.5.conv3,fc,0.5013461112976074,0,13
Engstrom2019Robustness,Rice2020Overfitting,-1,6,1,linear,conv1,0.729858934879303,0,13
Engstrom2019Robustness,Rice2020Overfitting,-1,6,2,linear,block1.layer.2.conv2,0.6207510232925415,0,13
Engstrom2019Robustness,Rice2020Overfitting,-1,6,3,linear,block2.layer.0.convShortcut,0.7147863507270813,0,13
Engstrom2019Robustness,Rice2020Overfitting,-1,6,4,linear,block2.layer.3.conv2,0.4454162120819092,0,13
Engstrom2019Robustness,Rice2020Overfitting,-1,6,5,linear,block3.layer.1.conv2,0.478075236082077,0,13
Engstrom2019Robustness,Rice2020Overfitting,-1,6,6,linear,fc,0.9562064409255981,0,13
Wong2020Fast,Standard,-1,1,1,conv1,conv1,0.9967414736747742,1,10
Wong2020Fast,Standard,-1,1,2,conv1,block1.layer.2.conv1,0.8435109853744507,1,10
Wong2020Fast,Standard,-1,1,3,conv1,block2.layer.0.conv2,0.8815842270851135,1,10
Wong2020Fast,Standard,-1,1,4,conv1,block2.layer.3.conv1,0.8919419050216675,1,10
Wong2020Fast,Standard,-1,1,5,conv1,block3.layer.1.conv1,0.8598105311393738,1,10
Wong2020Fast,Standard,-1,1,6,conv1,fc,0.6048082709312439,1,10
Wong2020Fast,Standard,-1,2,1,layer1.1.conv2,conv1,0.992693305015564,1,10
Wong2020Fast,Standard,-1,2,2,layer1.1.conv2,block1.layer.2.conv1,0.8625714778900146,1,10
Wong2020Fast,Standard,-1,2,3,layer1.1.conv2,block2.layer.0.conv2,0.8949609994888306,1,10
Wong2020Fast,Standard,-1,2,4,layer1.1.conv2,block2.layer.3.conv1,0.907849907875061,1,10
Wong2020Fast,Standard,-1,2,5,layer1.1.conv2,block3.layer.1.conv1,0.8757748603820801,1,10
Wong2020Fast,Standard,-1,2,6,layer1.1.conv2,fc,0.5947045683860779,1,10
Wong2020Fast,Standard,-1,3,1,layer2.1.conv1,conv1,0.9180887341499329,1,10
Wong2020Fast,Standard,-1,3,2,layer2.1.conv1,block1.layer.2.conv1,0.9118722081184387,1,10
Wong2020Fast,Standard,-1,3,3,layer2.1.conv1,block2.layer.0.conv2,0.9311609864234924,1,10
Wong2020Fast,Standard,-1,3,4,layer2.1.conv1,block2.layer.3.conv1,0.9401245713233948,1,10
Wong2020Fast,Standard,-1,3,5,layer2.1.conv1,block3.layer.1.conv1,0.8968341946601868,1,10
Wong2020Fast,Standard,-1,3,6,layer2.1.conv1,fc,0.5044234395027161,1,10
Wong2020Fast,Standard,-1,4,1,layer3.0.shortcut.0,conv1,0.9360005855560303,1,10
Wong2020Fast,Standard,-1,4,2,layer3.0.shortcut.0,block1.layer.2.conv1,0.7191615700721741,1,10
Wong2020Fast,Standard,-1,4,3,layer3.0.shortcut.0,block2.layer.0.conv2,0.7883925437927246,1,10
Wong2020Fast,Standard,-1,4,4,layer3.0.shortcut.0,block2.layer.3.conv1,0.7981940507888794,1,10
Wong2020Fast,Standard,-1,4,5,layer3.0.shortcut.0,block3.layer.1.conv1,0.801651656627655,1,10
Wong2020Fast,Standard,-1,4,6,layer3.0.shortcut.0,fc,0.7292535901069641,1,10
Wong2020Fast,Standard,-1,5,1,layer4.0.conv2,conv1,0.8156610131263733,1,10
Wong2020Fast,Standard,-1,5,2,layer4.0.conv2,block1.layer.2.conv1,0.6382706165313721,1,10
Wong2020Fast,Standard,-1,5,3,layer4.0.conv2,block2.layer.0.conv2,0.6907953023910522,1,10
Wong2020Fast,Standard,-1,5,4,layer4.0.conv2,block2.layer.3.conv1,0.7046398520469666,1,10
Wong2020Fast,Standard,-1,5,5,layer4.0.conv2,block3.layer.1.conv1,0.716626763343811,1,10
Wong2020Fast,Standard,-1,5,6,layer4.0.conv2,fc,0.8020898699760437,1,10
Wong2020Fast,Standard,-1,6,1,linear,conv1,0.5586296916007996,1,10
Wong2020Fast,Standard,-1,6,2,linear,block1.layer.2.conv1,0.4077676236629486,1,10
Wong2020Fast,Standard,-1,6,3,linear,block2.layer.0.conv2,0.44709134101867676,1,10
Wong2020Fast,Standard,-1,6,4,linear,block2.layer.3.conv1,0.47099995613098145,1,10
Wong2020Fast,Standard,-1,6,5,linear,block3.layer.1.conv1,0.49196746945381165,1,10
Wong2020Fast,Standard,-1,6,6,linear,fc,0.8108891844749451,1,10
Wong2020Fast,Standard,-1,1,1,conv1,conv1,0.9846669435501099,0,18
Wong2020Fast,Standard,-1,1,2,conv1,block1.layer.2.conv1,0.8227071762084961,0,18
Wong2020Fast,Standard,-1,1,3,conv1,block2.layer.0.conv2,0.8329896330833435,0,18
Wong2020Fast,Standard,-1,1,4,conv1,block2.layer.3.conv1,0.8153221011161804,0,18
Wong2020Fast,Standard,-1,1,5,conv1,block3.layer.1.conv1,0.7291429042816162,0,18
Wong2020Fast,Standard,-1,1,6,conv1,fc,0.6621434092521667,0,18
Wong2020Fast,Standard,-1,2,1,layer1.1.conv2,conv1,0.9814159274101257,0,18
Wong2020Fast,Standard,-1,2,2,layer1.1.conv2,block1.layer.2.conv1,0.8381492495536804,0,18
Wong2020Fast,Standard,-1,2,3,layer1.1.conv2,block2.layer.0.conv2,0.84746253490448,0,18
Wong2020Fast,Standard,-1,2,4,layer1.1.conv2,block2.layer.3.conv1,0.8300513029098511,0,18
Wong2020Fast,Standard,-1,2,5,layer1.1.conv2,block3.layer.1.conv1,0.7396950125694275,0,18
Wong2020Fast,Standard,-1,2,6,layer1.1.conv2,fc,0.659286618232727,0,18
Wong2020Fast,Standard,-1,3,1,layer2.1.conv1,conv1,0.8939088582992554,0,18
Wong2020Fast,Standard,-1,3,2,layer2.1.conv1,block1.layer.2.conv1,0.9415253400802612,0,18
Wong2020Fast,Standard,-1,3,3,layer2.1.conv1,block2.layer.0.conv2,0.9523571133613586,0,18
Wong2020Fast,Standard,-1,3,4,layer2.1.conv1,block2.layer.3.conv1,0.9343667030334473,0,18
Wong2020Fast,Standard,-1,3,5,layer2.1.conv1,block3.layer.1.conv1,0.8342004418373108,0,18
Wong2020Fast,Standard,-1,3,6,layer2.1.conv1,fc,0.5918564200401306,0,18
Wong2020Fast,Standard,-1,4,1,layer3.0.shortcut.0,conv1,0.9286213517189026,0,18
Wong2020Fast,Standard,-1,4,2,layer3.0.shortcut.0,block1.layer.2.conv1,0.7361871004104614,0,18
Wong2020Fast,Standard,-1,4,3,layer3.0.shortcut.0,block2.layer.0.conv2,0.763974666595459,0,18
Wong2020Fast,Standard,-1,4,4,layer3.0.shortcut.0,block2.layer.3.conv1,0.7457780241966248,0,18
Wong2020Fast,Standard,-1,4,5,layer3.0.shortcut.0,block3.layer.1.conv1,0.6872798204421997,0,18
Wong2020Fast,Standard,-1,4,6,layer3.0.shortcut.0,fc,0.662031352519989,0,18
Wong2020Fast,Standard,-1,5,1,layer4.0.conv2,conv1,0.8454137444496155,0,18
Wong2020Fast,Standard,-1,5,2,layer4.0.conv2,block1.layer.2.conv1,0.7248402833938599,0,18
Wong2020Fast,Standard,-1,5,3,layer4.0.conv2,block2.layer.0.conv2,0.7574697732925415,0,18
Wong2020Fast,Standard,-1,5,4,layer4.0.conv2,block2.layer.3.conv1,0.742106020450592,0,18
Wong2020Fast,Standard,-1,5,5,layer4.0.conv2,block3.layer.1.conv1,0.738334059715271,0,18
Wong2020Fast,Standard,-1,5,6,layer4.0.conv2,fc,0.6305100917816162,0,18
Wong2020Fast,Standard,-1,6,1,linear,conv1,0.5758634805679321,0,18
Wong2020Fast,Standard,-1,6,2,linear,block1.layer.2.conv1,0.40350672602653503,0,18
Wong2020Fast,Standard,-1,6,3,linear,block2.layer.0.conv2,0.39361974596977234,0,18
Wong2020Fast,Standard,-1,6,4,linear,block2.layer.3.conv1,0.38841938972473145,0,18
Wong2020Fast,Standard,-1,6,5,linear,block3.layer.1.conv1,0.4066513180732727,0,18
Wong2020Fast,Standard,-1,6,6,linear,fc,0.5681487917900085,0,18
Wong2020Fast,Engstrom2019Robustness,-1,1,1,conv1,conv1,0.9627991318702698,1,14
Wong2020Fast,Engstrom2019Robustness,-1,1,2,conv1,layer2.0.conv1,0.9108301401138306,1,14
Wong2020Fast,Engstrom2019Robustness,-1,1,3,conv1,layer2.3.conv1,0.8925053477287292,1,14
Wong2020Fast,Engstrom2019Robustness,-1,1,4,conv1,layer3.2.conv2,0.8447970151901245,1,14
Wong2020Fast,Engstrom2019Robustness,-1,1,5,conv1,layer3.5.conv3,0.8157734870910645,1,14
Wong2020Fast,Engstrom2019Robustness,-1,1,6,conv1,linear,0.6727238893508911,1,14
Wong2020Fast,Engstrom2019Robustness,-1,2,1,layer1.1.conv2,conv1,0.945080578327179,1,14
Wong2020Fast,Engstrom2019Robustness,-1,2,2,layer1.1.conv2,layer2.0.conv1,0.9381253123283386,1,14
Wong2020Fast,Engstrom2019Robustness,-1,2,3,layer1.1.conv2,layer2.3.conv1,0.9231679439544678,1,14
Wong2020Fast,Engstrom2019Robustness,-1,2,4,layer1.1.conv2,layer3.2.conv2,0.8694450855255127,1,14
Wong2020Fast,Engstrom2019Robustness,-1,2,5,layer1.1.conv2,layer3.5.conv3,0.8357760906219482,1,14
Wong2020Fast,Engstrom2019Robustness,-1,2,6,layer1.1.conv2,linear,0.6523874998092651,1,14
Wong2020Fast,Engstrom2019Robustness,-1,3,1,layer2.1.conv1,conv1,0.7579935193061829,1,14
Wong2020Fast,Engstrom2019Robustness,-1,3,2,layer2.1.conv1,layer2.0.conv1,0.9911515116691589,1,14
Wong2020Fast,Engstrom2019Robustness,-1,3,3,layer2.1.conv1,layer2.3.conv1,0.9958618879318237,1,14
Wong2020Fast,Engstrom2019Robustness,-1,3,4,layer2.1.conv1,layer3.2.conv2,0.9423658847808838,1,14
Wong2020Fast,Engstrom2019Robustness,-1,3,5,layer2.1.conv1,layer3.5.conv3,0.9318780899047852,1,14
Wong2020Fast,Engstrom2019Robustness,-1,3,6,layer2.1.conv1,linear,0.4541356861591339,1,14
Wong2020Fast,Engstrom2019Robustness,-1,4,1,layer3.0.shortcut.0,conv1,0.9204673767089844,1,14
Wong2020Fast,Engstrom2019Robustness,-1,4,2,layer3.0.shortcut.0,layer2.0.conv1,0.7994455695152283,1,14
Wong2020Fast,Engstrom2019Robustness,-1,4,3,layer3.0.shortcut.0,layer2.3.conv1,0.7795847058296204,1,14
Wong2020Fast,Engstrom2019Robustness,-1,4,4,layer3.0.shortcut.0,layer3.2.conv2,0.7537180781364441,1,14
Wong2020Fast,Engstrom2019Robustness,-1,4,5,layer3.0.shortcut.0,layer3.5.conv3,0.7148888111114502,1,14
Wong2020Fast,Engstrom2019Robustness,-1,4,6,layer3.0.shortcut.0,linear,0.8078939318656921,1,14
Wong2020Fast,Engstrom2019Robustness,-1,5,1,layer4.0.conv2,conv1,0.7986162900924683,1,14
Wong2020Fast,Engstrom2019Robustness,-1,5,2,layer4.0.conv2,layer2.0.conv1,0.6727234125137329,1,14
Wong2020Fast,Engstrom2019Robustness,-1,5,3,layer4.0.conv2,layer2.3.conv1,0.6573516130447388,1,14
Wong2020Fast,Engstrom2019Robustness,-1,5,4,layer4.0.conv2,layer3.2.conv2,0.6636667251586914,1,14
Wong2020Fast,Engstrom2019Robustness,-1,5,5,layer4.0.conv2,layer3.5.conv3,0.6441128849983215,1,14
Wong2020Fast,Engstrom2019Robustness,-1,5,6,layer4.0.conv2,linear,0.912024974822998,1,14
Wong2020Fast,Engstrom2019Robustness,-1,6,1,linear,conv1,0.6658017039299011,1,14
Wong2020Fast,Engstrom2019Robustness,-1,6,2,linear,layer2.0.conv1,0.4441290497779846,1,14
Wong2020Fast,Engstrom2019Robustness,-1,6,3,linear,layer2.3.conv1,0.42193979024887085,1,14
Wong2020Fast,Engstrom2019Robustness,-1,6,4,linear,layer3.2.conv2,0.401398628950119,1,14
Wong2020Fast,Engstrom2019Robustness,-1,6,5,linear,layer3.5.conv3,0.39064764976501465,1,14
Wong2020Fast,Engstrom2019Robustness,-1,6,6,linear,linear,0.9690523147583008,1,14
Wong2020Fast,Engstrom2019Robustness,-1,1,1,conv1,conv1,0.957121729850769,0,14
Wong2020Fast,Engstrom2019Robustness,-1,1,2,conv1,layer2.0.conv1,0.9302166700363159,0,14
Wong2020Fast,Engstrom2019Robustness,-1,1,3,conv1,layer2.3.conv1,0.914290726184845,0,14
Wong2020Fast,Engstrom2019Robustness,-1,1,4,conv1,layer3.2.conv2,0.8803178071975708,0,14
Wong2020Fast,Engstrom2019Robustness,-1,1,5,conv1,layer3.5.conv3,0.8217768669128418,0,14
Wong2020Fast,Engstrom2019Robustness,-1,1,6,conv1,linear,0.6710583567619324,0,14
Wong2020Fast,Engstrom2019Robustness,-1,2,1,layer1.1.conv2,conv1,0.9463027119636536,0,14
Wong2020Fast,Engstrom2019Robustness,-1,2,2,layer1.1.conv2,layer2.0.conv1,0.9485753178596497,0,14
Wong2020Fast,Engstrom2019Robustness,-1,2,3,layer1.1.conv2,layer2.3.conv1,0.9393618702888489,0,14
Wong2020Fast,Engstrom2019Robustness,-1,2,4,layer1.1.conv2,layer3.2.conv2,0.9016403555870056,0,14
Wong2020Fast,Engstrom2019Robustness,-1,2,5,layer1.1.conv2,layer3.5.conv3,0.8377757668495178,0,14
Wong2020Fast,Engstrom2019Robustness,-1,2,6,layer1.1.conv2,linear,0.6506353616714478,0,14
Wong2020Fast,Engstrom2019Robustness,-1,3,1,layer2.1.conv1,conv1,0.7787458300590515,0,14
Wong2020Fast,Engstrom2019Robustness,-1,3,2,layer2.1.conv1,layer2.0.conv1,0.9788150191307068,0,14
Wong2020Fast,Engstrom2019Robustness,-1,3,3,layer2.1.conv1,layer2.3.conv1,0.9933454990386963,0,14
Wong2020Fast,Engstrom2019Robustness,-1,3,4,layer2.1.conv1,layer3.2.conv2,0.9645325541496277,0,14
Wong2020Fast,Engstrom2019Robustness,-1,3,5,layer2.1.conv1,layer3.5.conv3,0.9237257838249207,0,14
Wong2020Fast,Engstrom2019Robustness,-1,3,6,layer2.1.conv1,linear,0.5025444626808167,0,14
Wong2020Fast,Engstrom2019Robustness,-1,4,1,layer3.0.shortcut.0,conv1,0.9148775339126587,0,14
Wong2020Fast,Engstrom2019Robustness,-1,4,2,layer3.0.shortcut.0,layer2.0.conv1,0.8600497841835022,0,14
Wong2020Fast,Engstrom2019Robustness,-1,4,3,layer3.0.shortcut.0,layer2.3.conv1,0.8401252627372742,0,14
Wong2020Fast,Engstrom2019Robustness,-1,4,4,layer3.0.shortcut.0,layer3.2.conv2,0.8218927979469299,0,14
Wong2020Fast,Engstrom2019Robustness,-1,4,5,layer3.0.shortcut.0,layer3.5.conv3,0.7798647284507751,0,14
Wong2020Fast,Engstrom2019Robustness,-1,4,6,layer3.0.shortcut.0,linear,0.7522428035736084,0,14
Wong2020Fast,Engstrom2019Robustness,-1,5,1,layer4.0.conv2,conv1,0.822645902633667,0,14
Wong2020Fast,Engstrom2019Robustness,-1,5,2,layer4.0.conv2,layer2.0.conv1,0.8246663808822632,0,14
Wong2020Fast,Engstrom2019Robustness,-1,5,3,layer4.0.conv2,layer2.3.conv1,0.7949937582015991,0,14
Wong2020Fast,Engstrom2019Robustness,-1,5,4,layer4.0.conv2,layer3.2.conv2,0.8066785931587219,0,14
Wong2020Fast,Engstrom2019Robustness,-1,5,5,layer4.0.conv2,layer3.5.conv3,0.8172404766082764,0,14
Wong2020Fast,Engstrom2019Robustness,-1,5,6,layer4.0.conv2,linear,0.7991957664489746,0,14
Wong2020Fast,Engstrom2019Robustness,-1,6,1,linear,conv1,0.6072127223014832,0,14
Wong2020Fast,Engstrom2019Robustness,-1,6,2,linear,layer2.0.conv1,0.5434026718139648,0,14
Wong2020Fast,Engstrom2019Robustness,-1,6,3,linear,layer2.3.conv1,0.5048941373825073,0,14
Wong2020Fast,Engstrom2019Robustness,-1,6,4,linear,layer3.2.conv2,0.48742759227752686,0,14
Wong2020Fast,Engstrom2019Robustness,-1,6,5,linear,layer3.5.conv3,0.44787129759788513,0,14
Wong2020Fast,Engstrom2019Robustness,-1,6,6,linear,linear,0.9108630418777466,0,14
Wong2020Fast,Rice2020Overfitting,-1,1,1,conv1,conv1,0.984600841999054,1,12
Wong2020Fast,Rice2020Overfitting,-1,1,2,conv1,block1.layer.2.conv2,0.947885274887085,1,12
Wong2020Fast,Rice2020Overfitting,-1,1,3,conv1,block2.layer.0.convShortcut,0.9812648892402649,1,12
Wong2020Fast,Rice2020Overfitting,-1,1,4,conv1,block2.layer.3.conv2,0.8433086276054382,1,12
Wong2020Fast,Rice2020Overfitting,-1,1,5,conv1,block3.layer.1.conv2,0.7793420553207397,1,12
Wong2020Fast,Rice2020Overfitting,-1,1,6,conv1,fc,0.6327996253967285,1,12
Wong2020Fast,Rice2020Overfitting,-1,2,1,layer1.1.conv2,conv1,0.9731480479240417,1,12
Wong2020Fast,Rice2020Overfitting,-1,2,2,layer1.1.conv2,block1.layer.2.conv2,0.9660482406616211,1,12
Wong2020Fast,Rice2020Overfitting,-1,2,3,layer1.1.conv2,block2.layer.0.convShortcut,0.9882460832595825,1,12
Wong2020Fast,Rice2020Overfitting,-1,2,4,layer1.1.conv2,block2.layer.3.conv2,0.8719576597213745,1,12
Wong2020Fast,Rice2020Overfitting,-1,2,5,layer1.1.conv2,block3.layer.1.conv2,0.7953254580497742,1,12
Wong2020Fast,Rice2020Overfitting,-1,2,6,layer1.1.conv2,fc,0.6220993399620056,1,12
Wong2020Fast,Rice2020Overfitting,-1,3,1,layer2.1.conv1,conv1,0.8271819949150085,1,12
Wong2020Fast,Rice2020Overfitting,-1,3,2,layer2.1.conv1,block1.layer.2.conv2,0.9781690239906311,1,12
Wong2020Fast,Rice2020Overfitting,-1,3,3,layer2.1.conv1,block2.layer.0.convShortcut,0.9287951588630676,1,12
Wong2020Fast,Rice2020Overfitting,-1,3,4,layer2.1.conv1,block2.layer.3.conv2,0.9485999941825867,1,12
Wong2020Fast,Rice2020Overfitting,-1,3,5,layer2.1.conv1,block3.layer.1.conv2,0.8403017520904541,1,12
Wong2020Fast,Rice2020Overfitting,-1,3,6,layer2.1.conv1,fc,0.4952596426010132,1,12
Wong2020Fast,Rice2020Overfitting,-1,4,1,layer3.0.shortcut.0,conv1,0.9260880351066589,1,12
Wong2020Fast,Rice2020Overfitting,-1,4,2,layer3.0.shortcut.0,block1.layer.2.conv2,0.8891271948814392,1,12
Wong2020Fast,Rice2020Overfitting,-1,4,3,layer3.0.shortcut.0,block2.layer.0.convShortcut,0.957855761051178,1,12
Wong2020Fast,Rice2020Overfitting,-1,4,4,layer3.0.shortcut.0,block2.layer.3.conv2,0.8095340132713318,1,12
Wong2020Fast,Rice2020Overfitting,-1,4,5,layer3.0.shortcut.0,block3.layer.1.conv2,0.73291015625,1,12
Wong2020Fast,Rice2020Overfitting,-1,4,6,layer3.0.shortcut.0,fc,0.7874674797058105,1,12
Wong2020Fast,Rice2020Overfitting,-1,5,1,layer4.0.conv2,conv1,0.7880282998085022,1,12
Wong2020Fast,Rice2020Overfitting,-1,5,2,layer4.0.conv2,block1.layer.2.conv2,0.792549192905426,1,12
Wong2020Fast,Rice2020Overfitting,-1,5,3,layer4.0.conv2,block2.layer.0.convShortcut,0.8461096882820129,1,12
Wong2020Fast,Rice2020Overfitting,-1,5,4,layer4.0.conv2,block2.layer.3.conv2,0.7531343102455139,1,12
Wong2020Fast,Rice2020Overfitting,-1,5,5,layer4.0.conv2,block3.layer.1.conv2,0.7111146450042725,1,12
Wong2020Fast,Rice2020Overfitting,-1,5,6,layer4.0.conv2,fc,0.8568174242973328,1,12
Wong2020Fast,Rice2020Overfitting,-1,6,1,linear,conv1,0.595475971698761,1,12
Wong2020Fast,Rice2020Overfitting,-1,6,2,linear,block1.layer.2.conv2,0.5454162359237671,1,12
Wong2020Fast,Rice2020Overfitting,-1,6,3,linear,block2.layer.0.convShortcut,0.6301281452178955,1,12
Wong2020Fast,Rice2020Overfitting,-1,6,4,linear,block2.layer.3.conv2,0.5352894067764282,1,12
Wong2020Fast,Rice2020Overfitting,-1,6,5,linear,block3.layer.1.conv2,0.4876519441604614,1,12
Wong2020Fast,Rice2020Overfitting,-1,6,6,linear,fc,0.9335227012634277,1,12
Wong2020Fast,Rice2020Overfitting,-1,1,1,conv1,conv1,0.98232102394104,0,16
Wong2020Fast,Rice2020Overfitting,-1,1,2,conv1,block1.layer.2.conv2,0.9418832063674927,0,16
Wong2020Fast,Rice2020Overfitting,-1,1,3,conv1,block2.layer.0.convShortcut,0.9860458970069885,0,16
Wong2020Fast,Rice2020Overfitting,-1,1,4,conv1,block2.layer.3.conv2,0.7620354294776917,0,16
Wong2020Fast,Rice2020Overfitting,-1,1,5,conv1,block3.layer.1.conv2,0.8353546857833862,0,16
Wong2020Fast,Rice2020Overfitting,-1,1,6,conv1,fc,0.6725362539291382,0,16
Wong2020Fast,Rice2020Overfitting,-1,2,1,layer1.1.conv2,conv1,0.9730468392372131,0,16
Wong2020Fast,Rice2020Overfitting,-1,2,2,layer1.1.conv2,block1.layer.2.conv2,0.957368791103363,0,16
Wong2020Fast,Rice2020Overfitting,-1,2,3,layer1.1.conv2,block2.layer.0.convShortcut,0.9888486266136169,0,16
Wong2020Fast,Rice2020Overfitting,-1,2,4,layer1.1.conv2,block2.layer.3.conv2,0.7903632521629333,0,16
Wong2020Fast,Rice2020Overfitting,-1,2,5,layer1.1.conv2,block3.layer.1.conv2,0.8532567620277405,0,16
Wong2020Fast,Rice2020Overfitting,-1,2,6,layer1.1.conv2,fc,0.6538238525390625,0,16
Wong2020Fast,Rice2020Overfitting,-1,3,1,layer2.1.conv1,conv1,0.797260582447052,0,16
Wong2020Fast,Rice2020Overfitting,-1,3,2,layer2.1.conv1,block1.layer.2.conv2,0.975593090057373,0,16
Wong2020Fast,Rice2020Overfitting,-1,3,3,layer2.1.conv1,block2.layer.0.convShortcut,0.9084389805793762,0,16
Wong2020Fast,Rice2020Overfitting,-1,3,4,layer2.1.conv1,block2.layer.3.conv2,0.908562958240509,0,16
Wong2020Fast,Rice2020Overfitting,-1,3,5,layer2.1.conv1,block3.layer.1.conv2,0.916276216506958,0,16
Wong2020Fast,Rice2020Overfitting,-1,3,6,layer2.1.conv1,fc,0.4620193541049957,0,16
Wong2020Fast,Rice2020Overfitting,-1,4,1,layer3.0.shortcut.0,conv1,0.9475712180137634,0,16
Wong2020Fast,Rice2020Overfitting,-1,4,2,layer3.0.shortcut.0,block1.layer.2.conv2,0.877778947353363,0,16
Wong2020Fast,Rice2020Overfitting,-1,4,3,layer3.0.shortcut.0,block2.layer.0.convShortcut,0.9622139930725098,0,16
Wong2020Fast,Rice2020Overfitting,-1,4,4,layer3.0.shortcut.0,block2.layer.3.conv2,0.7204010486602783,0,16
Wong2020Fast,Rice2020Overfitting,-1,4,5,layer3.0.shortcut.0,block3.layer.1.conv2,0.7947474718093872,0,16
Wong2020Fast,Rice2020Overfitting,-1,4,6,layer3.0.shortcut.0,fc,0.7664234042167664,0,16
Wong2020Fast,Rice2020Overfitting,-1,5,1,layer4.0.conv2,conv1,0.8432531356811523,0,16
Wong2020Fast,Rice2020Overfitting,-1,5,2,layer4.0.conv2,block1.layer.2.conv2,0.7887594103813171,0,16
Wong2020Fast,Rice2020Overfitting,-1,5,3,layer4.0.conv2,block2.layer.0.convShortcut,0.8689204454421997,0,16
Wong2020Fast,Rice2020Overfitting,-1,5,4,layer4.0.conv2,block2.layer.3.conv2,0.6786038875579834,0,16
Wong2020Fast,Rice2020Overfitting,-1,5,5,layer4.0.conv2,block3.layer.1.conv2,0.744407057762146,0,16
Wong2020Fast,Rice2020Overfitting,-1,5,6,layer4.0.conv2,fc,0.8687674403190613,0,16
Wong2020Fast,Rice2020Overfitting,-1,6,1,linear,conv1,0.6061693429946899,0,16
Wong2020Fast,Rice2020Overfitting,-1,6,2,linear,block1.layer.2.conv2,0.4891964793205261,0,16
Wong2020Fast,Rice2020Overfitting,-1,6,3,linear,block2.layer.0.convShortcut,0.5963085889816284,0,16
Wong2020Fast,Rice2020Overfitting,-1,6,4,linear,block2.layer.3.conv2,0.35596293210983276,0,16
Wong2020Fast,Rice2020Overfitting,-1,6,5,linear,block3.layer.1.conv2,0.4263284504413605,0,16
Wong2020Fast,Rice2020Overfitting,-1,6,6,linear,fc,0.9481172561645508,0,16
Rice2020Overfitting,Standard,-1,1,1,conv1,conv1,0.9915207624435425,1,5
Rice2020Overfitting,Standard,-1,1,2,conv1,block1.layer.2.conv1,0.81070876121521,1,5
Rice2020Overfitting,Standard,-1,1,3,conv1,block2.layer.0.conv2,0.8436625003814697,1,5
Rice2020Overfitting,Standard,-1,1,4,conv1,block2.layer.3.conv1,0.8654394745826721,1,5
Rice2020Overfitting,Standard,-1,1,5,conv1,block3.layer.1.conv1,0.8301190137863159,1,5
Rice2020Overfitting,Standard,-1,1,6,conv1,fc,0.6031116247177124,1,5
Rice2020Overfitting,Standard,-1,2,1,block1.layer.2.conv2,conv1,0.9696252346038818,1,5
Rice2020Overfitting,Standard,-1,2,2,block1.layer.2.conv2,block1.layer.2.conv1,0.9499569535255432,1,5
Rice2020Overfitting,Standard,-1,2,3,block1.layer.2.conv2,block2.layer.0.conv2,0.9654542803764343,1,5
Rice2020Overfitting,Standard,-1,2,4,block1.layer.2.conv2,block2.layer.3.conv1,0.9734042286872864,1,5
Rice2020Overfitting,Standard,-1,2,5,block1.layer.2.conv2,block3.layer.1.conv1,0.9241589307785034,1,5
Rice2020Overfitting,Standard,-1,2,6,block1.layer.2.conv2,fc,0.7324310541152954,1,5
Rice2020Overfitting,Standard,-1,3,1,block2.layer.0.convShortcut,conv1,0.9952166080474854,1,5
Rice2020Overfitting,Standard,-1,3,2,block2.layer.0.convShortcut,block1.layer.2.conv1,0.8911109566688538,1,5
Rice2020Overfitting,Standard,-1,3,3,block2.layer.0.convShortcut,block2.layer.0.conv2,0.9179052114486694,1,5
Rice2020Overfitting,Standard,-1,3,4,block2.layer.0.convShortcut,block2.layer.3.conv1,0.9339948296546936,1,5
Rice2020Overfitting,Standard,-1,3,5,block2.layer.0.convShortcut,block3.layer.1.conv1,0.8938348889350891,1,5
Rice2020Overfitting,Standard,-1,3,6,block2.layer.0.convShortcut,fc,0.6758045554161072,1,5
Rice2020Overfitting,Standard,-1,4,1,block2.layer.3.conv2,conv1,0.9280469417572021,1,5
Rice2020Overfitting,Standard,-1,4,2,block2.layer.3.conv2,block1.layer.2.conv1,0.9439805746078491,1,5
Rice2020Overfitting,Standard,-1,4,3,block2.layer.3.conv2,block2.layer.0.conv2,0.973219633102417,1,5
Rice2020Overfitting,Standard,-1,4,4,block2.layer.3.conv2,block2.layer.3.conv1,0.966357409954071,1,5
Rice2020Overfitting,Standard,-1,4,5,block2.layer.3.conv2,block3.layer.1.conv1,0.9523607492446899,1,5
Rice2020Overfitting,Standard,-1,4,6,block2.layer.3.conv2,fc,0.7218156456947327,1,5
Rice2020Overfitting,Standard,-1,5,1,block3.layer.1.conv2,conv1,0.8793879151344299,1,5
Rice2020Overfitting,Standard,-1,5,2,block3.layer.1.conv2,block1.layer.2.conv1,0.9014574289321899,1,5
Rice2020Overfitting,Standard,-1,5,3,block3.layer.1.conv2,block2.layer.0.conv2,0.9337735772132874,1,5
Rice2020Overfitting,Standard,-1,5,4,block3.layer.1.conv2,block2.layer.3.conv1,0.9124029278755188,1,5
Rice2020Overfitting,Standard,-1,5,5,block3.layer.1.conv2,block3.layer.1.conv1,0.9013146162033081,1,5
Rice2020Overfitting,Standard,-1,5,6,block3.layer.1.conv2,fc,0.705720841884613,1,5
Rice2020Overfitting,Standard,-1,6,1,fc,conv1,0.5287158489227295,1,5
Rice2020Overfitting,Standard,-1,6,2,fc,block1.layer.2.conv1,0.5665870308876038,1,5
Rice2020Overfitting,Standard,-1,6,3,fc,block2.layer.0.conv2,0.6256160736083984,1,5
Rice2020Overfitting,Standard,-1,6,4,fc,block2.layer.3.conv1,0.6519278883934021,1,5
Rice2020Overfitting,Standard,-1,6,5,fc,block3.layer.1.conv1,0.5965317487716675,1,5
Rice2020Overfitting,Standard,-1,6,6,fc,fc,0.45020291209220886,1,5
Rice2020Overfitting,Standard,-1,1,1,conv1,conv1,0.9498661756515503,0,14
Rice2020Overfitting,Standard,-1,1,2,conv1,block1.layer.2.conv1,0.7203893065452576,0,14
Rice2020Overfitting,Standard,-1,1,3,conv1,block2.layer.0.conv2,0.746823251247406,0,14
Rice2020Overfitting,Standard,-1,1,4,conv1,block2.layer.3.conv1,0.7397845387458801,0,14
Rice2020Overfitting,Standard,-1,1,5,conv1,block3.layer.1.conv1,0.6969520449638367,0,14
Rice2020Overfitting,Standard,-1,1,6,conv1,fc,0.5614151954650879,0,14
Rice2020Overfitting,Standard,-1,2,1,block1.layer.2.conv2,conv1,0.9202986359596252,0,14
Rice2020Overfitting,Standard,-1,2,2,block1.layer.2.conv2,block1.layer.2.conv1,0.8964751362800598,0,14
Rice2020Overfitting,Standard,-1,2,3,block1.layer.2.conv2,block2.layer.0.conv2,0.9243166446685791,0,14
Rice2020Overfitting,Standard,-1,2,4,block1.layer.2.conv2,block2.layer.3.conv1,0.9118087291717529,0,14
Rice2020Overfitting,Standard,-1,2,5,block1.layer.2.conv2,block3.layer.1.conv1,0.8497181534767151,0,14
Rice2020Overfitting,Standard,-1,2,6,block1.layer.2.conv2,fc,0.6736449003219604,0,14
Rice2020Overfitting,Standard,-1,3,1,block2.layer.0.convShortcut,conv1,0.9102466702461243,0,14
Rice2020Overfitting,Standard,-1,3,2,block2.layer.0.convShortcut,block1.layer.2.conv1,0.8359290957450867,0,14
Rice2020Overfitting,Standard,-1,3,3,block2.layer.0.convShortcut,block2.layer.0.conv2,0.875203549861908,0,14
Rice2020Overfitting,Standard,-1,3,4,block2.layer.0.convShortcut,block2.layer.3.conv1,0.8565384149551392,0,14
Rice2020Overfitting,Standard,-1,3,5,block2.layer.0.convShortcut,block3.layer.1.conv1,0.8024405241012573,0,14
Rice2020Overfitting,Standard,-1,3,6,block2.layer.0.convShortcut,fc,0.6615191698074341,0,14
Rice2020Overfitting,Standard,-1,4,1,block2.layer.3.conv2,conv1,0.8019077777862549,0,14
Rice2020Overfitting,Standard,-1,4,2,block2.layer.3.conv2,block1.layer.2.conv1,0.8608748316764832,0,14
Rice2020Overfitting,Standard,-1,4,3,block2.layer.3.conv2,block2.layer.0.conv2,0.9101266264915466,0,14
Rice2020Overfitting,Standard,-1,4,4,block2.layer.3.conv2,block2.layer.3.conv1,0.901809573173523,0,14
Rice2020Overfitting,Standard,-1,4,5,block2.layer.3.conv2,block3.layer.1.conv1,0.8559922575950623,0,14
Rice2020Overfitting,Standard,-1,4,6,block2.layer.3.conv2,fc,0.6565864086151123,0,14
Rice2020Overfitting,Standard,-1,5,1,block3.layer.1.conv2,conv1,0.7461215257644653,0,14
Rice2020Overfitting,Standard,-1,5,2,block3.layer.1.conv2,block1.layer.2.conv1,0.8768860101699829,0,14
Rice2020Overfitting,Standard,-1,5,3,block3.layer.1.conv2,block2.layer.0.conv2,0.9120933413505554,0,14
Rice2020Overfitting,Standard,-1,5,4,block3.layer.1.conv2,block2.layer.3.conv1,0.8983502388000488,0,14
Rice2020Overfitting,Standard,-1,5,5,block3.layer.1.conv2,block3.layer.1.conv1,0.8376805186271667,0,14
Rice2020Overfitting,Standard,-1,5,6,block3.layer.1.conv2,fc,0.6019545793533325,0,14
Rice2020Overfitting,Standard,-1,6,1,fc,conv1,0.5041864514350891,0,14
Rice2020Overfitting,Standard,-1,6,2,fc,block1.layer.2.conv1,0.42316535115242004,0,14
Rice2020Overfitting,Standard,-1,6,3,fc,block2.layer.0.conv2,0.5063542723655701,0,14
Rice2020Overfitting,Standard,-1,6,4,fc,block2.layer.3.conv1,0.4934752285480499,0,14
Rice2020Overfitting,Standard,-1,6,5,fc,block3.layer.1.conv1,0.5245492458343506,0,14
Rice2020Overfitting,Standard,-1,6,6,fc,fc,0.6034302115440369,0,14
Rice2020Overfitting,Engstrom2019Robustness,-1,1,1,conv1,conv1,0.9922791719436646,1,11
Rice2020Overfitting,Engstrom2019Robustness,-1,1,2,conv1,layer2.0.conv1,0.8815696835517883,1,11
Rice2020Overfitting,Engstrom2019Robustness,-1,1,3,conv1,layer2.3.conv1,0.8862574696540833,1,11
Rice2020Overfitting,Engstrom2019Robustness,-1,1,4,conv1,layer3.2.conv2,0.8587395548820496,1,11
Rice2020Overfitting,Engstrom2019Robustness,-1,1,5,conv1,layer3.5.conv3,0.7735277414321899,1,11
Rice2020Overfitting,Engstrom2019Robustness,-1,1,6,conv1,linear,0.4370112121105194,1,11
Rice2020Overfitting,Engstrom2019Robustness,-1,2,1,block1.layer.2.conv2,conv1,0.8359752893447876,1,11
Rice2020Overfitting,Engstrom2019Robustness,-1,2,2,block1.layer.2.conv2,layer2.0.conv1,0.994749128818512,1,11
Rice2020Overfitting,Engstrom2019Robustness,-1,2,3,block1.layer.2.conv2,layer2.3.conv1,0.9932160973548889,1,11
Rice2020Overfitting,Engstrom2019Robustness,-1,2,4,block1.layer.2.conv2,layer3.2.conv2,0.9513739347457886,1,11
Rice2020Overfitting,Engstrom2019Robustness,-1,2,5,block1.layer.2.conv2,layer3.5.conv3,0.925122857093811,1,11
Rice2020Overfitting,Engstrom2019Robustness,-1,2,6,block1.layer.2.conv2,linear,0.49724531173706055,1,11
Rice2020Overfitting,Engstrom2019Robustness,-1,3,1,block2.layer.0.convShortcut,conv1,0.9257693886756897,1,11
Rice2020Overfitting,Engstrom2019Robustness,-1,3,2,block2.layer.0.convShortcut,layer2.0.conv1,0.9687075018882751,1,11
Rice2020Overfitting,Engstrom2019Robustness,-1,3,3,block2.layer.0.convShortcut,layer2.3.conv1,0.9730465412139893,1,11
Rice2020Overfitting,Engstrom2019Robustness,-1,3,4,block2.layer.0.convShortcut,layer3.2.conv2,0.9371839165687561,1,11
Rice2020Overfitting,Engstrom2019Robustness,-1,3,5,block2.layer.0.convShortcut,layer3.5.conv3,0.8790905475616455,1,11
Rice2020Overfitting,Engstrom2019Robustness,-1,3,6,block2.layer.0.convShortcut,linear,0.4873732328414917,1,11
Rice2020Overfitting,Engstrom2019Robustness,-1,4,1,block2.layer.3.conv2,conv1,0.7349014282226562,1,11
Rice2020Overfitting,Engstrom2019Robustness,-1,4,2,block2.layer.3.conv2,layer2.0.conv1,0.8964058756828308,1,11
Rice2020Overfitting,Engstrom2019Robustness,-1,4,3,block2.layer.3.conv2,layer2.3.conv1,0.9199105501174927,1,11
Rice2020Overfitting,Engstrom2019Robustness,-1,4,4,block2.layer.3.conv2,layer3.2.conv2,0.9216206073760986,1,11
Rice2020Overfitting,Engstrom2019Robustness,-1,4,5,block2.layer.3.conv2,layer3.5.conv3,0.944815993309021,1,11
Rice2020Overfitting,Engstrom2019Robustness,-1,4,6,block2.layer.3.conv2,linear,0.5284431576728821,1,11
Rice2020Overfitting,Engstrom2019Robustness,-1,5,1,block3.layer.1.conv2,conv1,0.7369548678398132,1,11
Rice2020Overfitting,Engstrom2019Robustness,-1,5,2,block3.layer.1.conv2,layer2.0.conv1,0.8500642776489258,1,11
Rice2020Overfitting,Engstrom2019Robustness,-1,5,3,block3.layer.1.conv2,layer2.3.conv1,0.8830875754356384,1,11
Rice2020Overfitting,Engstrom2019Robustness,-1,5,4,block3.layer.1.conv2,layer3.2.conv2,0.9067897200584412,1,11
Rice2020Overfitting,Engstrom2019Robustness,-1,5,5,block3.layer.1.conv2,layer3.5.conv3,0.8816556334495544,1,11
Rice2020Overfitting,Engstrom2019Robustness,-1,5,6,block3.layer.1.conv2,linear,0.5037885308265686,1,11
Rice2020Overfitting,Engstrom2019Robustness,-1,6,1,fc,conv1,0.4321106970310211,1,11
Rice2020Overfitting,Engstrom2019Robustness,-1,6,2,fc,layer2.0.conv1,0.5308235287666321,1,11
Rice2020Overfitting,Engstrom2019Robustness,-1,6,3,fc,layer2.3.conv1,0.53766930103302,1,11
Rice2020Overfitting,Engstrom2019Robustness,-1,6,4,fc,layer3.2.conv2,0.597781240940094,1,11
Rice2020Overfitting,Engstrom2019Robustness,-1,6,5,fc,layer3.5.conv3,0.6436193585395813,1,11
Rice2020Overfitting,Engstrom2019Robustness,-1,6,6,fc,linear,0.9503655433654785,1,11
Rice2020Overfitting,Engstrom2019Robustness,-1,1,1,conv1,conv1,0.9916403889656067,0,8
Rice2020Overfitting,Engstrom2019Robustness,-1,1,2,conv1,layer2.0.conv1,0.886332094669342,0,8
Rice2020Overfitting,Engstrom2019Robustness,-1,1,3,conv1,layer2.3.conv1,0.8566400408744812,0,8
Rice2020Overfitting,Engstrom2019Robustness,-1,1,4,conv1,layer3.2.conv2,0.8013663291931152,0,8
Rice2020Overfitting,Engstrom2019Robustness,-1,1,5,conv1,layer3.5.conv3,0.8155184984207153,0,8
Rice2020Overfitting,Engstrom2019Robustness,-1,1,6,conv1,linear,0.7547864317893982,0,8
Rice2020Overfitting,Engstrom2019Robustness,-1,2,1,block1.layer.2.conv2,conv1,0.893173098564148,0,8
Rice2020Overfitting,Engstrom2019Robustness,-1,2,2,block1.layer.2.conv2,layer2.0.conv1,0.9922635555267334,0,8
Rice2020Overfitting,Engstrom2019Robustness,-1,2,3,block1.layer.2.conv2,layer2.3.conv1,0.9775362014770508,0,8
Rice2020Overfitting,Engstrom2019Robustness,-1,2,4,block1.layer.2.conv2,layer3.2.conv2,0.9525758624076843,0,8
Rice2020Overfitting,Engstrom2019Robustness,-1,2,5,block1.layer.2.conv2,layer3.5.conv3,0.9442748427391052,0,8
Rice2020Overfitting,Engstrom2019Robustness,-1,2,6,block1.layer.2.conv2,linear,0.7811943292617798,0,8
Rice2020Overfitting,Engstrom2019Robustness,-1,3,1,block2.layer.0.convShortcut,conv1,0.9358651638031006,0,8
Rice2020Overfitting,Engstrom2019Robustness,-1,3,2,block2.layer.0.convShortcut,layer2.0.conv1,0.9720401763916016,0,8
Rice2020Overfitting,Engstrom2019Robustness,-1,3,3,block2.layer.0.convShortcut,layer2.3.conv1,0.9669181108474731,0,8
Rice2020Overfitting,Engstrom2019Robustness,-1,3,4,block2.layer.0.convShortcut,layer3.2.conv2,0.9376826286315918,0,8
Rice2020Overfitting,Engstrom2019Robustness,-1,3,5,block2.layer.0.convShortcut,layer3.5.conv3,0.9233375191688538,0,8
Rice2020Overfitting,Engstrom2019Robustness,-1,3,6,block2.layer.0.convShortcut,linear,0.7702592015266418,0,8
Rice2020Overfitting,Engstrom2019Robustness,-1,4,1,block2.layer.3.conv2,conv1,0.7708569169044495,0,8
Rice2020Overfitting,Engstrom2019Robustness,-1,4,2,block2.layer.3.conv2,layer2.0.conv1,0.9689088463783264,0,8
Rice2020Overfitting,Engstrom2019Robustness,-1,4,3,block2.layer.3.conv2,layer2.3.conv1,0.9690637588500977,0,8
Rice2020Overfitting,Engstrom2019Robustness,-1,4,4,block2.layer.3.conv2,layer3.2.conv2,0.9760627150535583,0,8
Rice2020Overfitting,Engstrom2019Robustness,-1,4,5,block2.layer.3.conv2,layer3.5.conv3,0.9641338586807251,0,8
Rice2020Overfitting,Engstrom2019Robustness,-1,4,6,block2.layer.3.conv2,linear,0.7321233749389648,0,8
Rice2020Overfitting,Engstrom2019Robustness,-1,5,1,block3.layer.1.conv2,conv1,0.8084427118301392,0,8
Rice2020Overfitting,Engstrom2019Robustness,-1,5,2,block3.layer.1.conv2,layer2.0.conv1,0.9676142930984497,0,8
Rice2020Overfitting,Engstrom2019Robustness,-1,5,3,block3.layer.1.conv2,layer2.3.conv1,0.9682350754737854,0,8
Rice2020Overfitting,Engstrom2019Robustness,-1,5,4,block3.layer.1.conv2,layer3.2.conv2,0.9722464084625244,0,8
Rice2020Overfitting,Engstrom2019Robustness,-1,5,5,block3.layer.1.conv2,layer3.5.conv3,0.9330167770385742,0,8
Rice2020Overfitting,Engstrom2019Robustness,-1,5,6,block3.layer.1.conv2,linear,0.7220689058303833,0,8
Rice2020Overfitting,Engstrom2019Robustness,-1,6,1,fc,conv1,0.5364543199539185,0,8
Rice2020Overfitting,Engstrom2019Robustness,-1,6,2,fc,layer2.0.conv1,0.6470099091529846,0,8
Rice2020Overfitting,Engstrom2019Robustness,-1,6,3,fc,layer2.3.conv1,0.610456109046936,0,8
Rice2020Overfitting,Engstrom2019Robustness,-1,6,4,fc,layer3.2.conv2,0.60759437084198,0,8
Rice2020Overfitting,Engstrom2019Robustness,-1,6,5,fc,layer3.5.conv3,0.6189698576927185,0,8
Rice2020Overfitting,Engstrom2019Robustness,-1,6,6,fc,linear,0.9131838083267212,0,8
Rice2020Overfitting,Wong2020Fast,-1,1,1,conv1,conv1,0.9809333086013794,1,13
Rice2020Overfitting,Wong2020Fast,-1,1,2,conv1,layer1.1.conv2,0.971462070941925,1,13
Rice2020Overfitting,Wong2020Fast,-1,1,3,conv1,layer2.1.conv1,0.8362413048744202,1,13
Rice2020Overfitting,Wong2020Fast,-1,1,4,conv1,layer3.0.shortcut.0,0.9382386207580566,1,13
Rice2020Overfitting,Wong2020Fast,-1,1,5,conv1,layer4.0.conv2,0.7511795163154602,1,13
Rice2020Overfitting,Wong2020Fast,-1,1,6,conv1,linear,0.4191945493221283,1,13
Rice2020Overfitting,Wong2020Fast,-1,2,1,block1.layer.2.conv2,conv1,0.952429473400116,1,13
Rice2020Overfitting,Wong2020Fast,-1,2,2,block1.layer.2.conv2,layer1.1.conv2,0.9643442630767822,1,13
Rice2020Overfitting,Wong2020Fast,-1,2,3,block1.layer.2.conv2,layer2.1.conv1,0.9829025864601135,1,13
Rice2020Overfitting,Wong2020Fast,-1,2,4,block1.layer.2.conv2,layer3.0.shortcut.0,0.9300564527511597,1,13
Rice2020Overfitting,Wong2020Fast,-1,2,5,block1.layer.2.conv2,layer4.0.conv2,0.8485132455825806,1,13
Rice2020Overfitting,Wong2020Fast,-1,2,6,block1.layer.2.conv2,linear,0.46605074405670166,1,13
Rice2020Overfitting,Wong2020Fast,-1,3,1,block2.layer.0.convShortcut,conv1,0.9845705032348633,1,13
Rice2020Overfitting,Wong2020Fast,-1,3,2,block2.layer.0.convShortcut,layer1.1.conv2,0.9887025952339172,1,13
Rice2020Overfitting,Wong2020Fast,-1,3,3,block2.layer.0.convShortcut,layer2.1.conv1,0.9450057148933411,1,13
Rice2020Overfitting,Wong2020Fast,-1,3,4,block2.layer.0.convShortcut,layer3.0.shortcut.0,0.971693217754364,1,13
Rice2020Overfitting,Wong2020Fast,-1,3,5,block2.layer.0.convShortcut,layer4.0.conv2,0.8445696234703064,1,13
Rice2020Overfitting,Wong2020Fast,-1,3,6,block2.layer.0.convShortcut,linear,0.475342720746994,1,13
Rice2020Overfitting,Wong2020Fast,-1,4,1,block2.layer.3.conv2,conv1,0.8038919568061829,1,13
Rice2020Overfitting,Wong2020Fast,-1,4,2,block2.layer.3.conv2,layer1.1.conv2,0.8240474462509155,1,13
Rice2020Overfitting,Wong2020Fast,-1,4,3,block2.layer.3.conv2,layer2.1.conv1,0.9367850422859192,1,13
Rice2020Overfitting,Wong2020Fast,-1,4,4,block2.layer.3.conv2,layer3.0.shortcut.0,0.7897170782089233,1,13
Rice2020Overfitting,Wong2020Fast,-1,4,5,block2.layer.3.conv2,layer4.0.conv2,0.781440019607544,1,13
Rice2020Overfitting,Wong2020Fast,-1,4,6,block2.layer.3.conv2,linear,0.4168280363082886,1,13
Rice2020Overfitting,Wong2020Fast,-1,5,1,block3.layer.1.conv2,conv1,0.7911989092826843,1,13
Rice2020Overfitting,Wong2020Fast,-1,5,2,block3.layer.1.conv2,layer1.1.conv2,0.8112703561782837,1,13
Rice2020Overfitting,Wong2020Fast,-1,5,3,block3.layer.1.conv2,layer2.1.conv1,0.89005446434021,1,13
Rice2020Overfitting,Wong2020Fast,-1,5,4,block3.layer.1.conv2,layer3.0.shortcut.0,0.7746137976646423,1,13
Rice2020Overfitting,Wong2020Fast,-1,5,5,block3.layer.1.conv2,layer4.0.conv2,0.7706610560417175,1,13
Rice2020Overfitting,Wong2020Fast,-1,5,6,block3.layer.1.conv2,linear,0.3776046931743622,1,13
Rice2020Overfitting,Wong2020Fast,-1,6,1,fc,conv1,0.4434845447540283,1,13
Rice2020Overfitting,Wong2020Fast,-1,6,2,fc,layer1.1.conv2,0.43637287616729736,1,13
Rice2020Overfitting,Wong2020Fast,-1,6,3,fc,layer2.1.conv1,0.4454941153526306,1,13
Rice2020Overfitting,Wong2020Fast,-1,6,4,fc,layer3.0.shortcut.0,0.5463501811027527,1,13
Rice2020Overfitting,Wong2020Fast,-1,6,5,fc,layer4.0.conv2,0.7336288094520569,1,13
Rice2020Overfitting,Wong2020Fast,-1,6,6,fc,linear,0.9290724396705627,1,13
Rice2020Overfitting,Wong2020Fast,-1,1,1,conv1,conv1,0.9922901391983032,0,6
Rice2020Overfitting,Wong2020Fast,-1,1,2,conv1,layer1.1.conv2,0.9891422390937805,0,6
Rice2020Overfitting,Wong2020Fast,-1,1,3,conv1,layer2.1.conv1,0.9458270072937012,0,6
Rice2020Overfitting,Wong2020Fast,-1,1,4,conv1,layer3.0.shortcut.0,0.9562162756919861,0,6
Rice2020Overfitting,Wong2020Fast,-1,1,5,conv1,layer4.0.conv2,0.8365187048912048,0,6
Rice2020Overfitting,Wong2020Fast,-1,1,6,conv1,linear,0.7187551259994507,0,6
Rice2020Overfitting,Wong2020Fast,-1,2,1,block1.layer.2.conv2,conv1,0.9423139095306396,0,6
Rice2020Overfitting,Wong2020Fast,-1,2,2,block1.layer.2.conv2,layer1.1.conv2,0.9722346663475037,0,6
Rice2020Overfitting,Wong2020Fast,-1,2,3,block1.layer.2.conv2,layer2.1.conv1,0.9867918491363525,0,6
Rice2020Overfitting,Wong2020Fast,-1,2,4,block1.layer.2.conv2,layer3.0.shortcut.0,0.9526139497756958,0,6
Rice2020Overfitting,Wong2020Fast,-1,2,5,block1.layer.2.conv2,layer4.0.conv2,0.9287468194961548,0,6
Rice2020Overfitting,Wong2020Fast,-1,2,6,block1.layer.2.conv2,linear,0.7775415182113647,0,6
Rice2020Overfitting,Wong2020Fast,-1,3,1,block2.layer.0.convShortcut,conv1,0.942203164100647,0,6
Rice2020Overfitting,Wong2020Fast,-1,3,2,block2.layer.0.convShortcut,layer1.1.conv2,0.9771985411643982,0,6
Rice2020Overfitting,Wong2020Fast,-1,3,3,block2.layer.0.convShortcut,layer2.1.conv1,0.9869495630264282,0,6
Rice2020Overfitting,Wong2020Fast,-1,3,4,block2.layer.0.convShortcut,layer3.0.shortcut.0,0.9717370271682739,0,6
Rice2020Overfitting,Wong2020Fast,-1,3,5,block2.layer.0.convShortcut,layer4.0.conv2,0.940791130065918,0,6
Rice2020Overfitting,Wong2020Fast,-1,3,6,block2.layer.0.convShortcut,linear,0.7952713370323181,0,6
Rice2020Overfitting,Wong2020Fast,-1,4,1,block2.layer.3.conv2,conv1,0.8432074189186096,0,6
Rice2020Overfitting,Wong2020Fast,-1,4,2,block2.layer.3.conv2,layer1.1.conv2,0.9071685671806335,0,6
Rice2020Overfitting,Wong2020Fast,-1,4,3,block2.layer.3.conv2,layer2.1.conv1,0.9641138315200806,0,6
Rice2020Overfitting,Wong2020Fast,-1,4,4,block2.layer.3.conv2,layer3.0.shortcut.0,0.8852236270904541,0,6
Rice2020Overfitting,Wong2020Fast,-1,4,5,block2.layer.3.conv2,layer4.0.conv2,0.9229726195335388,0,6
Rice2020Overfitting,Wong2020Fast,-1,4,6,block2.layer.3.conv2,linear,0.7607122659683228,0,6
Rice2020Overfitting,Wong2020Fast,-1,5,1,block3.layer.1.conv2,conv1,0.824424684047699,0,6
Rice2020Overfitting,Wong2020Fast,-1,5,2,block3.layer.1.conv2,layer1.1.conv2,0.8956451416015625,0,6
Rice2020Overfitting,Wong2020Fast,-1,5,3,block3.layer.1.conv2,layer2.1.conv1,0.944756031036377,0,6
Rice2020Overfitting,Wong2020Fast,-1,5,4,block3.layer.1.conv2,layer3.0.shortcut.0,0.8792464733123779,0,6
Rice2020Overfitting,Wong2020Fast,-1,5,5,block3.layer.1.conv2,layer4.0.conv2,0.8831722140312195,0,6
Rice2020Overfitting,Wong2020Fast,-1,5,6,block3.layer.1.conv2,linear,0.721946120262146,0,6
Rice2020Overfitting,Wong2020Fast,-1,6,1,fc,conv1,0.6883617043495178,0,6
Rice2020Overfitting,Wong2020Fast,-1,6,2,fc,layer1.1.conv2,0.7356429100036621,0,6
Rice2020Overfitting,Wong2020Fast,-1,6,3,fc,layer2.1.conv1,0.7694361805915833,0,6
Rice2020Overfitting,Wong2020Fast,-1,6,4,fc,layer3.0.shortcut.0,0.7422459721565247,0,6
Rice2020Overfitting,Wong2020Fast,-1,6,5,fc,layer4.0.conv2,0.8559810519218445,0,6
Rice2020Overfitting,Wong2020Fast,-1,6,6,fc,linear,0.9869803190231323,0,6
